"OBJECTID","ID_0","ISO","NAME_0","ID_1","NAME_1","ID_2","NAME_2","ID_3","NAME_3","ID_4","NAME_4","VARNAME_4","TYPE_4","ENGTYPE_4"
1,138,"MLI","Mali",1,"Bamako",1,"Bamako",1,"Kalban-Coro",1,"Commune III",NA,"Commune","Commune"
2,138,"MLI","Mali",1,"Bamako",1,"Bamako",1,"Kalban-Coro",2,"Commune II",NA,"Commune","Commune"
3,138,"MLI","Mali",1,"Bamako",1,"Bamako",1,"Kalban-Coro",3,"Commune I",NA,"Commune","Commune"
4,138,"MLI","Mali",1,"Bamako",1,"Bamako",1,"Kalban-Coro",4,"Commune IV",NA,"Commune","Commune"
5,138,"MLI","Mali",1,"Bamako",1,"Bamako",1,"Kalban-Coro",5,"Commune VI",NA,"Commune","Commune"
6,138,"MLI","Mali",1,"Bamako",1,"Bamako",1,"Kalban-Coro",6,"Commune V",NA,"Commune","Commune"
7,138,"MLI","Mali",2,"Gao",2,"Ansongo",2,"Ansongo",7,"Ansongo",NA,"Commune","Commune"
8,138,"MLI","Mali",2,"Gao",2,"Ansongo",2,"Ansongo",8,"Bara",NA,"Commune","Commune"
9,138,"MLI","Mali",2,"Gao",2,"Ansongo",2,"Ansongo",9,"Bourra",NA,"Commune","Commune"
10,138,"MLI","Mali",2,"Gao",2,"Ansongo",2,"Ansongo",10,"Tin Hama",NA,"Commune","Commune"
11,138,"MLI","Mali",2,"Gao",2,"Ansongo",3,"Ouatagouna",11,"Ouattagouna",NA,"Commune","Commune"
12,138,"MLI","Mali",2,"Gao",2,"Ansongo",4,"Talataye",12,"Talataye",NA,"Commune","Commune"
13,138,"MLI","Mali",2,"Gao",2,"Ansongo",5,"Tessit",13,"Tessit",NA,"Commune","Commune"
14,138,"MLI","Mali",2,"Gao",3,"Bourem",6,"Almoustarat",14,"Tarkint",NA,"Commune","Commune"
15,138,"MLI","Mali",2,"Gao",3,"Bourem",7,"Bamba",15,"Bamba-Bou","Bamba","Commune","Commune"
16,138,"MLI","Mali",2,"Gao",3,"Bourem",8,"Bourem",16,"Bourem",NA,"Commune","Commune"
17,138,"MLI","Mali",2,"Gao",3,"Bourem",8,"Bourem",17,"Taboye",NA,"Commune","Commune"
18,138,"MLI","Mali",2,"Gao",3,"Bourem",9,"Temera",18,"Temera",NA,"Commune","Commune"
19,138,"MLI","Mali",2,"Gao",4,"Gao",10,"Djebock",19,"Anchawadi","Anchawadj","Commune","Commune"
20,138,"MLI","Mali",2,"Gao",4,"Gao",10,"Djebock",20,"Tilemsi-Gao",NA,"Commune","Commune"
21,138,"MLI","Mali",2,"Gao",4,"Gao",11,"Gao-Central",21,"Gao",NA,"Commune","Commune"
22,138,"MLI","Mali",2,"Gao",4,"Gao",12,"Gao",22,"Gounzoureye",NA,"Commune","Commune"
23,138,"MLI","Mali",2,"Gao",4,"Gao",12,"Gao",23,"Sony-Aliber",NA,"Commune","Commune"
24,138,"MLI","Mali",2,"Gao",4,"Gao",13,"Haoussa-Foulane",24,"Gabero",NA,"Commune","Commune"
25,138,"MLI","Mali",2,"Gao",4,"Gao",14,"In-Tillit",25,"N'Tillit",NA,"Commune","Commune"
26,138,"MLI","Mali",2,"Gao",5,"Ménaka",15,"Anderamboukane",26,"Alata",NA,"Commune","Commune"
27,138,"MLI","Mali",2,"Gao",5,"Ménaka",15,"Anderamboukane",27,"Anderamboukane",NA,"Commune","Commune"
28,138,"MLI","Mali",2,"Gao",5,"Ménaka",16,"Inekar",28,"Inekar",NA,"Commune","Commune"
29,138,"MLI","Mali",2,"Gao",5,"Ménaka",17,"Menaka",29,"Menaka",NA,"Commune","Commune"
30,138,"MLI","Mali",2,"Gao",5,"Ménaka",18,"Tidermene",30,"Tidermene",NA,"Commune","Commune"
31,138,"MLI","Mali",3,"Kayes",6,"Bafoulabé",19,"Bafoulabe",31,"Bafoulabe",NA,"Commune","Commune"
32,138,"MLI","Mali",3,"Kayes",6,"Bafoulabé",20,"Bamafele",32,"Bamafele",NA,"Commune","Commune"
33,138,"MLI","Mali",3,"Kayes",6,"Bafoulabé",21,"Diakon",33,"Diakon",NA,"Commune","Commune"
34,138,"MLI","Mali",3,"Kayes",6,"Bafoulabé",22,"Diallan",34,"Diallan",NA,"Commune","Commune"
35,138,"MLI","Mali",3,"Kayes",6,"Bafoulabé",23,"Kontela",35,"Kontela",NA,"Commune","Commune"
36,138,"MLI","Mali",3,"Kayes",6,"Bafoulabé",24,"Koundian",36,"Diokeli",NA,"Commune","Commune"
37,138,"MLI","Mali",3,"Kayes",6,"Bafoulabé",24,"Koundian",37,"Koundian",NA,"Commune","Commune"
38,138,"MLI","Mali",3,"Kayes",6,"Bafoulabé",25,"Mahina",38,"Gounfan",NA,"Commune","Commune"
39,138,"MLI","Mali",3,"Kayes",6,"Bafoulabé",25,"Mahina",39,"Mahina",NA,"Commune","Commune"
40,138,"MLI","Mali",3,"Kayes",6,"Bafoulabé",25,"Mahina",40,"Niambia",NA,"Commune","Commune"
41,138,"MLI","Mali",3,"Kayes",6,"Bafoulabé",26,"Oualia",41,"Oualia",NA,"Commune","Commune"
42,138,"MLI","Mali",3,"Kayes",6,"Bafoulabé",27,"Oussoubidiagna",42,"Sidibela",NA,"Commune","Commune"
43,138,"MLI","Mali",3,"Kayes",6,"Bafoulabé",27,"Oussoubidiagna",43,"Tomora",NA,"Commune","Commune"
44,138,"MLI","Mali",3,"Kayes",7,"Diéma",28,"Bema",44,"Bema",NA,"Commune","Commune"
45,138,"MLI","Mali",3,"Kayes",7,"Diéma",28,"Bema",45,"Fassou Debe",NA,"Commune","Commune"
46,138,"MLI","Mali",3,"Kayes",7,"Diéma",28,"Bema",46,"Groumera",NA,"Commune","Commune"
47,138,"MLI","Mali",3,"Kayes",7,"Diéma",28,"Bema",47,"Guedebine",NA,"Commune","Commune"
48,138,"MLI","Mali",3,"Kayes",7,"Diéma",29,"Diéma",48,"Dianguirde",NA,"Commune","Commune"
49,138,"MLI","Mali",3,"Kayes",7,"Diéma",29,"Diéma",49,"Diema",NA,"Commune","Commune"
50,138,"MLI","Mali",3,"Kayes",7,"Diéma",30,"Diangounte-Camara",50,"Diangounte Camara",NA,"Commune","Commune"
51,138,"MLI","Mali",3,"Kayes",7,"Diéma",30,"Diangounte-Camara",51,"Fatao",NA,"Commune","Commune"
52,138,"MLI","Mali",3,"Kayes",7,"Diéma",30,"Diangounte-Camara",52,"Lambidou",NA,"Commune","Commune"
53,138,"MLI","Mali",3,"Kayes",7,"Diéma",30,"Diangounte-Camara",53,"Madiga Sacko",NA,"Commune","Commune"
54,138,"MLI","Mali",3,"Kayes",7,"Diéma",31,"Dioumara",54,"Dioumara Koussata",NA,"Commune","Commune"
55,138,"MLI","Mali",3,"Kayes",7,"Diéma",31,"Dioumara",55,"Gomitradougou",NA,"Commune","Commune"
56,138,"MLI","Mali",3,"Kayes",7,"Diéma",32,"Lakamane",56,"Dieoura",NA,"Commune","Commune"
57,138,"MLI","Mali",3,"Kayes",7,"Diéma",32,"Lakamane",57,"Lakamane",NA,"Commune","Commune"
58,138,"MLI","Mali",3,"Kayes",7,"Diéma",32,"Lakamane",58,"Sansankide",NA,"Commune","Commune"
59,138,"MLI","Mali",3,"Kayes",8,"Kéniéba",33,"Dialafara",59,"Dialafara",NA,"Commune","Commune"
60,138,"MLI","Mali",3,"Kayes",8,"Kéniéba",34,"Dombia",60,"Baye-Ken",NA,"Commune","Commune"
61,138,"MLI","Mali",3,"Kayes",8,"Kéniéba",34,"Dombia",61,"Dombia",NA,"Commune","Commune"
62,138,"MLI","Mali",3,"Kayes",8,"Kéniéba",35,"Falea",62,"Falea",NA,"Commune","Commune"
63,138,"MLI","Mali",3,"Kayes",8,"Kéniéba",36,"Faraba",63,"Faraba-Ken",NA,"Commune","Commune"
64,138,"MLI","Mali",3,"Kayes",8,"Kéniéba",36,"Faraba",64,"Kroukoto",NA,"Commune","Commune"
65,138,"MLI","Mali",3,"Kayes",8,"Kéniéba",36,"Faraba",65,"Sagalo",NA,"Commune","Commune"
66,138,"MLI","Mali",3,"Kayes",8,"Kéniéba",37,"Kéniéba",66,"Dabia",NA,"Commune","Commune"
67,138,"MLI","Mali",3,"Kayes",8,"Kéniéba",37,"Kéniéba",67,"Guenegore",NA,"Commune","Commune"
68,138,"MLI","Mali",3,"Kayes",8,"Kéniéba",37,"Kéniéba",68,"Kenieba",NA,"Commune","Commune"
69,138,"MLI","Mali",3,"Kayes",8,"Kéniéba",37,"Kéniéba",69,"Sitakily",NA,"Commune","Commune"
70,138,"MLI","Mali",3,"Kayes",8,"Kéniéba",38,"Kassama",70,"Kassama",NA,"Commune","Commune"
71,138,"MLI","Mali",3,"Kayes",9,"Kayes",39,"Ambidedi",71,"Faleme",NA,"Commune","Commune"
72,138,"MLI","Mali",3,"Kayes",9,"Kayes",39,"Ambidedi",72,"Fegui",NA,"Commune","Commune"
73,138,"MLI","Mali",3,"Kayes",9,"Kayes",39,"Ambidedi",73,"Guidimakan Keri Kaff","Guidimakan Keri Kafo","Commune","Commune"
74,138,"MLI","Mali",3,"Kayes",9,"Kayes",39,"Ambidedi",74,"Kemene Tambo",NA,"Commune","Commune"
75,138,"MLI","Mali",3,"Kayes",9,"Kayes",39,"Ambidedi",75,"Sony",NA,"Commune","Commune"
76,138,"MLI","Mali",3,"Kayes",9,"Kayes",39,"Ambidedi",76,"Tafacirga",NA,"Commune","Commune"
77,138,"MLI","Mali",3,"Kayes",9,"Kayes",40,"Aourou",77,"Djelebou",NA,"Commune","Commune"
78,138,"MLI","Mali",3,"Kayes",9,"Kayes",40,"Aourou",78,"Karakoro",NA,"Commune","Commune"
79,138,"MLI","Mali",3,"Kayes",9,"Kayes",40,"Aourou",79,"Sahel",NA,"Commune","Commune"
80,138,"MLI","Mali",3,"Kayes",9,"Kayes",41,"Diadioumbera",80,"Sero Diamanou",NA,"Commune","Commune"
81,138,"MLI","Mali",3,"Kayes",9,"Kayes",42,"Diamou",81,"Diamou",NA,"Commune","Commune"
82,138,"MLI","Mali",3,"Kayes",9,"Kayes",43,"Kayes",82,"Bangassi",NA,"Commune","Commune"
83,138,"MLI","Mali",3,"Kayes",9,"Kayes",43,"Kayes",83,"Colimbine",NA,"Commune","Commune"
84,138,"MLI","Mali",3,"Kayes",9,"Kayes",43,"Kayes",84,"Gory Gopela",NA,"Commune","Commune"
85,138,"MLI","Mali",3,"Kayes",9,"Kayes",43,"Kayes",85,"Goumera",NA,"Commune","Commune"
86,138,"MLI","Mali",3,"Kayes",9,"Kayes",43,"Kayes",86,"Kayes Commune",NA,"Commune","Commune"
87,138,"MLI","Mali",3,"Kayes",9,"Kayes",43,"Kayes",87,"Khouloum",NA,"Commune","Commune"
88,138,"MLI","Mali",3,"Kayes",9,"Kayes",43,"Kayes",88,"Liberte Dembaya",NA,"Commune","Commune"
89,138,"MLI","Mali",3,"Kayes",9,"Kayes",44,"Koussane",89,"Koussane",NA,"Commune","Commune"
90,138,"MLI","Mali",3,"Kayes",9,"Kayes",45,"Lontou",90,"Hawa Dembaya",NA,"Commune","Commune"
91,138,"MLI","Mali",3,"Kayes",9,"Kayes",45,"Lontou",91,"Logo",NA,"Commune","Commune"
92,138,"MLI","Mali",3,"Kayes",9,"Kayes",46,"Sadiola",92,"Sadiola",NA,"Commune","Commune"
93,138,"MLI","Mali",3,"Kayes",9,"Kayes",47,"Same",93,"Same Diomboma","Same Diomgoma","Commune","Commune"
94,138,"MLI","Mali",3,"Kayes",9,"Kayes",47,"Same",94,"Somankidy",NA,"Commune","Commune"
95,138,"MLI","Mali",3,"Kayes",9,"Kayes",48,"Segala",95,"Koniakary",NA,"Commune","Commune"
96,138,"MLI","Mali",3,"Kayes",9,"Kayes",48,"Segala",96,"Marena Diombougou",NA,"Commune","Commune"
97,138,"MLI","Mali",3,"Kayes",9,"Kayes",48,"Segala",97,"Marintoumania",NA,"Commune","Commune"
98,138,"MLI","Mali",3,"Kayes",9,"Kayes",48,"Segala",98,"Segala",NA,"Commune","Commune"
99,138,"MLI","Mali",3,"Kayes",10,"Kita",49,"Djidian",99,"Djidian",NA,"Commune","Commune"
100,138,"MLI","Mali",3,"Kayes",10,"Kita",49,"Djidian",100,"Namala Guimba","Mamala Guimbala","Commune","Commune"
101,138,"MLI","Mali",3,"Kayes",10,"Kita",49,"Djidian",101,"Saboula",NA,"Commune","Commune"
102,138,"MLI","Mali",3,"Kayes",10,"Kita",49,"Djidian",102,"Souransan Tomoto",NA,"Commune","Commune"
103,138,"MLI","Mali",3,"Kayes",10,"Kita",50,"Kita",103,"Badia",NA,"Commune","Commune"
104,138,"MLI","Mali",3,"Kayes",10,"Kita",50,"Kita",104,"Bendougouba",NA,"Commune","Commune"
105,138,"MLI","Mali",3,"Kayes",10,"Kita",50,"Kita",105,"Benkadi Founia",NA,"Commune","Commune"
106,138,"MLI","Mali",3,"Kayes",10,"Kita",50,"Kita",106,"Boudofo",NA,"Commune","Commune"
107,138,"MLI","Mali",3,"Kayes",10,"Kita",50,"Kita",107,"Kita Commune",NA,"Commune","Commune"
108,138,"MLI","Mali",3,"Kayes",10,"Kita",50,"Kita",108,"Kita Nord",NA,"Commune","Commune"
109,138,"MLI","Mali",3,"Kayes",10,"Kita",50,"Kita",109,"Kita Ouest",NA,"Commune","Commune"
110,138,"MLI","Mali",3,"Kayes",10,"Kita",51,"Kokofata",110,"Bougarybaya",NA,"Commune","Commune"
111,138,"MLI","Mali",3,"Kayes",10,"Kita",51,"Kokofata",111,"Kokofata",NA,"Commune","Commune"
112,138,"MLI","Mali",3,"Kayes",10,"Kita",51,"Kokofata",112,"Tambaga",NA,"Commune","Commune"
113,138,"MLI","Mali",3,"Kayes",10,"Kita",52,"Sagabari",113,"Gadougou 1",NA,"Commune","Commune"
114,138,"MLI","Mali",3,"Kayes",10,"Kita",52,"Sagabari",114,"Gadougou 2",NA,"Commune","Commune"
115,138,"MLI","Mali",3,"Kayes",10,"Kita",52,"Sagabari",115,"Koulou",NA,"Commune","Commune"
116,138,"MLI","Mali",3,"Kayes",10,"Kita",53,"Sebekoro",116,"Kassaro",NA,"Commune","Commune"
117,138,"MLI","Mali",3,"Kayes",10,"Kita",53,"Sebekoro",117,"Kotouba",NA,"Commune","Commune"
118,138,"MLI","Mali",3,"Kayes",10,"Kita",53,"Sebekoro",118,"Madina",NA,"Commune","Commune"
119,138,"MLI","Mali",3,"Kayes",10,"Kita",53,"Sebekoro",119,"Sebekoro",NA,"Commune","Commune"
120,138,"MLI","Mali",3,"Kayes",10,"Kita",54,"Sefeto",120,"Dindako",NA,"Commune","Commune"
121,138,"MLI","Mali",3,"Kayes",10,"Kita",54,"Sefeto",121,"Djougoun",NA,"Commune","Commune"
122,138,"MLI","Mali",3,"Kayes",10,"Kita",54,"Sefeto",122,"Guemoukouraba",NA,"Commune","Commune"
123,138,"MLI","Mali",3,"Kayes",10,"Kita",54,"Sefeto",123,"Kourounikoto",NA,"Commune","Commune"
124,138,"MLI","Mali",3,"Kayes",10,"Kita",54,"Sefeto",124,"Sefeto Nord",NA,"Commune","Commune"
125,138,"MLI","Mali",3,"Kayes",10,"Kita",54,"Sefeto",125,"Sefeto Ouest",NA,"Commune","Commune"
126,138,"MLI","Mali",3,"Kayes",10,"Kita",55,"Sirakoro",126,"Makano",NA,"Commune","Commune"
127,138,"MLI","Mali",3,"Kayes",10,"Kita",55,"Sirakoro",127,"Senko",NA,"Commune","Commune"
128,138,"MLI","Mali",3,"Kayes",10,"Kita",55,"Sirakoro",128,"Sirakoro",NA,"Commune","Commune"
129,138,"MLI","Mali",3,"Kayes",10,"Kita",56,"Toukoto",129,"Kobri",NA,"Commune","Commune"
130,138,"MLI","Mali",3,"Kayes",10,"Kita",56,"Toukoto",130,"Niantanso",NA,"Commune","Commune"
131,138,"MLI","Mali",3,"Kayes",10,"Kita",56,"Toukoto",131,"Toukoto",NA,"Commune","Commune"
132,138,"MLI","Mali",3,"Kayes",11,"Nioro",57,"Gavinane",132,"Diaye Coura",NA,"Commune","Commune"
133,138,"MLI","Mali",3,"Kayes",11,"Nioro",57,"Gavinane",133,"Gavinane",NA,"Commune","Commune"
134,138,"MLI","Mali",3,"Kayes",11,"Nioro",57,"Gavinane",134,"Youri",NA,"Commune","Commune"
135,138,"MLI","Mali",3,"Kayes",11,"Nioro",58,"Gogui",135,"Gogui",NA,"Commune","Commune"
136,138,"MLI","Mali",3,"Kayes",11,"Nioro",59,"Korera-Kore",136,"Korera Kore",NA,"Commune","Commune"
137,138,"MLI","Mali",3,"Kayes",11,"Nioro",60,"Nioro",137,"Guetema",NA,"Commune","Commune"
138,138,"MLI","Mali",3,"Kayes",11,"Nioro",60,"Nioro",138,"Kadiaba Kadiel","Gadiaba Kadiel","Commune","Commune"
139,138,"MLI","Mali",3,"Kayes",11,"Nioro",60,"Nioro",139,"Nioro Commune",NA,"Commune","Commune"
140,138,"MLI","Mali",3,"Kayes",11,"Nioro",60,"Nioro",140,"Nioro Tougoune Ranga","Nioro Tougoune Rangabe","Commune","Commune"
141,138,"MLI","Mali",3,"Kayes",11,"Nioro",60,"Nioro",141,"Yerere",NA,"Commune","Commune"
142,138,"MLI","Mali",3,"Kayes",11,"Nioro",61,"Sandare",142,"Sandare",NA,"Commune","Commune"
143,138,"MLI","Mali",3,"Kayes",11,"Nioro",62,"Simbi",143,"Simbi",NA,"Commune","Commune"
144,138,"MLI","Mali",3,"Kayes",11,"Nioro",63,"Trongoumbe",144,"Baniere Kore",NA,"Commune","Commune"
145,138,"MLI","Mali",3,"Kayes",11,"Nioro",63,"Trongoumbe",145,"Diabigue",NA,"Commune","Commune"
146,138,"MLI","Mali",3,"Kayes",11,"Nioro",63,"Trongoumbe",146,"Diarra",NA,"Commune","Commune"
147,138,"MLI","Mali",3,"Kayes",11,"Nioro",63,"Trongoumbe",147,"Troungoumbe",NA,"Commune","Commune"
148,138,"MLI","Mali",3,"Kayes",12,"Yélimané",64,"Kirane",148,"Kirane Kaniaga",NA,"Commune","Commune"
149,138,"MLI","Mali",3,"Kayes",12,"Yélimané",64,"Kirane",149,"Kremis",NA,"Commune","Commune"
150,138,"MLI","Mali",3,"Kayes",12,"Yélimané",65,"Marena",150,"Tringa","Tringa Marena","Commune","Commune"
151,138,"MLI","Mali",3,"Kayes",12,"Yélimané",66,"Tambacara",151,"Diafounou Diongaga",NA,"Commune","Commune"
152,138,"MLI","Mali",3,"Kayes",12,"Yélimané",66,"Tambacara",152,"Diafounou Gory",NA,"Commune","Commune"
153,138,"MLI","Mali",3,"Kayes",12,"Yélimané",66,"Tambacara",153,"Konsiga",NA,"Commune","Commune"
154,138,"MLI","Mali",3,"Kayes",12,"Yélimané",66,"Tambacara",154,"Marekaffo",NA,"Commune","Commune"
155,138,"MLI","Mali",3,"Kayes",12,"Yélimané",67,"Yelimane-Central",155,"Fanga",NA,"Commune","Commune"
156,138,"MLI","Mali",3,"Kayes",12,"Yélimané",67,"Yelimane-Central",156,"Gory",NA,"Commune","Commune"
157,138,"MLI","Mali",3,"Kayes",12,"Yélimané",67,"Yelimane-Central",157,"Guidime",NA,"Commune","Commune"
158,138,"MLI","Mali",3,"Kayes",12,"Yélimané",67,"Yelimane-Central",158,"Soumpou",NA,"Commune","Commune"
159,138,"MLI","Mali",3,"Kayes",12,"Yélimané",67,"Yelimane-Central",159,"Toya",NA,"Commune","Commune"
160,138,"MLI","Mali",4,"Kidal",13,"Abeïbara",68,"Abeibara",160,"Abeibara",NA,"Commune","Commune"
161,138,"MLI","Mali",4,"Kidal",13,"Abeïbara",69,"Bouressa",161,"Boghassa",NA,"Commune","Commune"
162,138,"MLI","Mali",4,"Kidal",13,"Abeïbara",70,"Tinzawatene",162,"Tinzawatene",NA,"Commune","Commune"
163,138,"MLI","Mali",4,"Kidal",14,"Kidal",71,"Anefif",163,"Anefif",NA,"Commune","Commune"
164,138,"MLI","Mali",4,"Kidal",14,"Kidal",72,"Essouk",164,"Essouk",NA,"Commune","Commune"
165,138,"MLI","Mali",4,"Kidal",14,"Kidal",73,"Kidal",165,"Kidal",NA,"Commune","Commune"
166,138,"MLI","Mali",4,"Kidal",15,"Tessalit",74,"Adjelhoc",166,"Adjelhoc",NA,"Commune","Commune"
167,138,"MLI","Mali",4,"Kidal",15,"Tessalit",75,"Tessalit",167,"Tessalit",NA,"Commune","Commune"
168,138,"MLI","Mali",4,"Kidal",15,"Tessalit",76,"Timtaghene",168,"Timtaghene",NA,"Commune","Commune"
169,138,"MLI","Mali",4,"Kidal",16,"Tin-Essako",77,"Abiyou",169,"Abiyou",NA,"Commune","Commune"
170,138,"MLI","Mali",4,"Kidal",16,"Tin-Essako",78,"Tinessako",170,"Tinessako",NA,"Commune","Commune"
171,138,"MLI","Mali",4,"Kidal",16,"Tin-Essako",79,"Tinesserine",171,"Tinesserine",NA,"Commune","Commune"
172,138,"MLI","Mali",5,"Koulikoro",17,"Banamba",80,"Banamba-Central",172,"Banamba",NA,"Commune","Commune"
173,138,"MLI","Mali",5,"Koulikoro",17,"Banamba",80,"Banamba-Central",173,"Ben Kadi",NA,"Commune","Commune"
174,138,"MLI","Mali",5,"Koulikoro",17,"Banamba",81,"Boron",174,"Boron",NA,"Commune","Commune"
175,138,"MLI","Mali",5,"Koulikoro",17,"Banamba",82,"Madina-Sako",175,"Madina Sacko",NA,"Commune","Commune"
176,138,"MLI","Mali",5,"Koulikoro",17,"Banamba",83,"Sebete",176,"Sebete",NA,"Commune","Commune"
177,138,"MLI","Mali",5,"Koulikoro",17,"Banamba",83,"Sebete",177,"Toubacoro",NA,"Commune","Commune"
178,138,"MLI","Mali",5,"Koulikoro",17,"Banamba",84,"Toubakoura",178,"Duguwolowula",NA,"Commune","Commune"
179,138,"MLI","Mali",5,"Koulikoro",17,"Banamba",85,"Toukouroba",179,"Kiban",NA,"Commune","Commune"
180,138,"MLI","Mali",5,"Koulikoro",17,"Banamba",85,"Toukouroba",180,"Toukoroba",NA,"Commune","Commune"
181,138,"MLI","Mali",5,"Koulikoro",18,"Dioïla",86,"Banco",181,"Banco",NA,"Commune","Commune"
182,138,"MLI","Mali",5,"Koulikoro",18,"Dioïla",86,"Banco",182,"N'Golobougou",NA,"Commune","Commune"
183,138,"MLI","Mali",5,"Koulikoro",18,"Dioïla",87,"Beleko",183,"Benkadi-Dio","Benkadi","Commune","Commune"
184,138,"MLI","Mali",5,"Koulikoro",18,"Dioïla",87,"Beleko",184,"Diedougou-Dio","Diedougou","Commune","Commune"
185,138,"MLI","Mali",5,"Koulikoro",18,"Dioïla",87,"Beleko",185,"Dolendougou",NA,"Commune","Commune"
186,138,"MLI","Mali",5,"Koulikoro",18,"Dioïla",87,"Beleko",186,"Jekafo",NA,"Commune","Commune"
187,138,"MLI","Mali",5,"Koulikoro",18,"Dioïla",88,"Dioïla",187,"Degnekoro",NA,"Commune","Commune"
188,138,"MLI","Mali",5,"Koulikoro",18,"Dioïla",88,"Dioïla",188,"Kaladougou",NA,"Commune","Commune"
189,138,"MLI","Mali",5,"Koulikoro",18,"Dioïla",88,"Dioïla",189,"Kemekafo",NA,"Commune","Commune"
190,138,"MLI","Mali",5,"Koulikoro",18,"Dioïla",88,"Dioïla",190,"Kilidougou",NA,"Commune","Commune"
191,138,"MLI","Mali",5,"Koulikoro",18,"Dioïla",88,"Dioïla",191,"N'Garadougou",NA,"Commune","Commune"
192,138,"MLI","Mali",5,"Koulikoro",18,"Dioïla",88,"Dioïla",192,"Wacoro",NA,"Commune","Commune"
193,138,"MLI","Mali",5,"Koulikoro",18,"Dioïla",89,"Fana",193,"Binko",NA,"Commune","Commune"
194,138,"MLI","Mali",5,"Koulikoro",18,"Dioïla",89,"Fana",194,"Diouman",NA,"Commune","Commune"
195,138,"MLI","Mali",5,"Koulikoro",18,"Dioïla",89,"Fana",195,"Guegneka",NA,"Commune","Commune"
196,138,"MLI","Mali",5,"Koulikoro",18,"Dioïla",89,"Fana",196,"Kerela",NA,"Commune","Commune"
197,138,"MLI","Mali",5,"Koulikoro",18,"Dioïla",89,"Fana",197,"Nangola",NA,"Commune","Commune"
198,138,"MLI","Mali",5,"Koulikoro",18,"Dioïla",89,"Fana",198,"Tenindougou",NA,"Commune","Commune"
199,138,"MLI","Mali",5,"Koulikoro",18,"Dioïla",89,"Fana",199,"Zan Coulibaly",NA,"Commune","Commune"
200,138,"MLI","Mali",5,"Koulikoro",18,"Dioïla",90,"Massigui",200,"Massigui",NA,"Commune","Commune"
201,138,"MLI","Mali",5,"Koulikoro",18,"Dioïla",90,"Massigui",201,"Niantjila",NA,"Commune","Commune"
202,138,"MLI","Mali",5,"Koulikoro",18,"Dioïla",91,"Mena",202,"Diebe",NA,"Commune","Commune"
203,138,"MLI","Mali",5,"Koulikoro",18,"Dioïla",91,"Mena",203,"N'Dlondougou",NA,"Commune","Commune"
204,138,"MLI","Mali",5,"Koulikoro",19,"Kangaba",92,"Kangaba",204,"Kaniogo",NA,"Commune","Commune"
205,138,"MLI","Mali",5,"Koulikoro",19,"Kangaba",92,"Kangaba",205,"Maramandougou",NA,"Commune","Commune"
206,138,"MLI","Mali",5,"Koulikoro",19,"Kangaba",92,"Kangaba",206,"Minidian",NA,"Commune","Commune"
207,138,"MLI","Mali",5,"Koulikoro",19,"Kangaba",92,"Kangaba",207,"Nouga",NA,"Commune","Commune"
208,138,"MLI","Mali",5,"Koulikoro",19,"Kangaba",92,"Kangaba",208,"Selefougou",NA,"Commune","Commune"
209,138,"MLI","Mali",5,"Koulikoro",19,"Kangaba",93,"Narena",209,"Balan Bakama",NA,"Commune","Commune"
210,138,"MLI","Mali",5,"Koulikoro",19,"Kangaba",93,"Narena",210,"Benkadi-Kan","Benkadi","Commune","Commune"
211,138,"MLI","Mali",5,"Koulikoro",19,"Kangaba",93,"Narena",211,"Karan",NA,"Urban Commune","Urban Commune"
212,138,"MLI","Mali",5,"Koulikoro",19,"Kangaba",93,"Narena",212,"Narena",NA,"Commune","Commune"
213,138,"MLI","Mali",5,"Koulikoro",20,"Kati",94,"Baguineda",213,"Baguineda",NA,"Commune","Commune"
214,138,"MLI","Mali",5,"Koulikoro",20,"Kati",94,"Baguineda",214,"Mountougoula",NA,"Commune","Commune"
215,138,"MLI","Mali",5,"Koulikoro",20,"Kati",94,"Baguineda",215,"N'Gouraba",NA,"Commune","Commune"
216,138,"MLI","Mali",5,"Koulikoro",20,"Kati",94,"Baguineda",216,"Tiele",NA,"Commune","Commune"
217,138,"MLI","Mali",5,"Koulikoro",20,"Kati",95,"Kalban-Coro",217,"Dialakorodji",NA,"Commune","Commune"
218,138,"MLI","Mali",5,"Koulikoro",20,"Kati",95,"Kalban-Coro",218,"Dogodouman",NA,"Commune","Commune"
219,138,"MLI","Mali",5,"Koulikoro",20,"Kati",95,"Kalban-Coro",219,"Kalabancoro",NA,"Commune","Commune"
220,138,"MLI","Mali",5,"Koulikoro",20,"Kati",95,"Kalban-Coro",220,"Mande",NA,"Commune","Commune"
221,138,"MLI","Mali",5,"Koulikoro",20,"Kati",95,"Kalban-Coro",221,"Moribabougou",NA,"Commune","Commune"
222,138,"MLI","Mali",5,"Koulikoro",20,"Kati",95,"Kalban-Coro",222,"N'Gabacoro Droit","N'Gabacoro","Commune","Commune"
223,138,"MLI","Mali",5,"Koulikoro",20,"Kati",95,"Kalban-Coro",223,"Safo",NA,"Commune","Commune"
224,138,"MLI","Mali",5,"Koulikoro",20,"Kati",95,"Kalban-Coro",224,"Sangarebougou",NA,"Commune","Commune"
225,138,"MLI","Mali",5,"Koulikoro",20,"Kati",96,"Kati",225,"Diago",NA,"Commune","Commune"
226,138,"MLI","Mali",5,"Koulikoro",20,"Kati",96,"Kati",226,"Dio-Gare",NA,"Commune","Commune"
227,138,"MLI","Mali",5,"Koulikoro",20,"Kati",96,"Kati",227,"Dombila",NA,"Commune","Commune"
228,138,"MLI","Mali",5,"Koulikoro",20,"Kati",96,"Kati",228,"Doubabougou",NA,"Commune","Commune"
229,138,"MLI","Mali",5,"Koulikoro",20,"Kati",96,"Kati",229,"Kalifabougou",NA,"Commune","Commune"
230,138,"MLI","Mali",5,"Koulikoro",20,"Kati",96,"Kati",230,"Kambila",NA,"Commune","Commune"
231,138,"MLI","Mali",5,"Koulikoro",20,"Kati",96,"Kati",231,"Kati",NA,"Urban Commune","Urban Commune"
232,138,"MLI","Mali",5,"Koulikoro",20,"Kati",96,"Kati",232,"Yelekebougou",NA,"Commune","Commune"
233,138,"MLI","Mali",5,"Koulikoro",20,"Kati",97,"Kourouba",233,"Faraba-Kat",NA,"Commune","Commune"
234,138,"MLI","Mali",5,"Koulikoro",20,"Kati",97,"Kourouba",234,"Kourouba",NA,"Commune","Commune"
235,138,"MLI","Mali",5,"Koulikoro",20,"Kati",97,"Kourouba",235,"Niagadina",NA,"Commune","Commune"
236,138,"MLI","Mali",5,"Koulikoro",20,"Kati",97,"Kourouba",236,"Tiakadougou-Dialakoro",NA,"Commune","Commune"
237,138,"MLI","Mali",5,"Koulikoro",20,"Kati",98,"Neguela",237,"Bossofala",NA,"Commune","Commune"
238,138,"MLI","Mali",5,"Koulikoro",20,"Kati",98,"Neguela",238,"Daban",NA,"Commune","Commune"
239,138,"MLI","Mali",5,"Koulikoro",20,"Kati",98,"Neguela",239,"Diedougou-Kat",NA,"Commune","Commune"
240,138,"MLI","Mali",5,"Koulikoro",20,"Kati",98,"Neguela",240,"N'Tjiba",NA,"Commune","Commune"
241,138,"MLI","Mali",5,"Koulikoro",20,"Kati",99,"Ouelessebougou",241,"Ouelessebougou",NA,"Commune","Commune"
242,138,"MLI","Mali",5,"Koulikoro",20,"Kati",99,"Ouelessebougou",242,"Sanankoro Djitoumou",NA,"Commune","Commune"
243,138,"MLI","Mali",5,"Koulikoro",20,"Kati",100,"Sanakoroba",243,"Bougoula-Kat",NA,"Commune","Commune"
244,138,"MLI","Mali",5,"Koulikoro",20,"Kati",100,"Sanakoroba",244,"Dialakoroba",NA,"Commune","Commune"
245,138,"MLI","Mali",5,"Koulikoro",20,"Kati",100,"Sanakoroba",245,"Sanankoroba",NA,"Commune","Commune"
246,138,"MLI","Mali",5,"Koulikoro",20,"Kati",101,"Siby",246,"Bancoumana",NA,"Commune","Commune"
247,138,"MLI","Mali",5,"Koulikoro",20,"Kati",101,"Siby",247,"Nioumamakana",NA,"Commune","Commune"
248,138,"MLI","Mali",5,"Koulikoro",20,"Kati",101,"Siby",248,"Siby",NA,"Commune","Commune"
249,138,"MLI","Mali",5,"Koulikoro",20,"Kati",101,"Siby",249,"Sobra",NA,"Commune","Commune"
250,138,"MLI","Mali",5,"Koulikoro",21,"Kolokani",102,"Djidieni",250,"Didieni",NA,"Commune","Commune"
251,138,"MLI","Mali",5,"Koulikoro",21,"Kolokani",102,"Djidieni",251,"Sagabala",NA,"Commune","Commune"
252,138,"MLI","Mali",5,"Koulikoro",21,"Kolokani",103,"Kolokani",252,"Guihoyo",NA,"Commune","Commune"
253,138,"MLI","Mali",5,"Koulikoro",21,"Kolokani",103,"Kolokani",253,"Kolokani",NA,"Commune","Commune"
254,138,"MLI","Mali",5,"Koulikoro",21,"Kolokani",103,"Kolokani",254,"Sebecoro 1",NA,"Commune","Commune"
255,138,"MLI","Mali",5,"Koulikoro",21,"Kolokani",103,"Kolokani",255,"Tioribougou",NA,"Commune","Commune"
256,138,"MLI","Mali",5,"Koulikoro",21,"Kolokani",104,"Massantola",256,"Massantola",NA,"Commune","Commune"
257,138,"MLI","Mali",5,"Koulikoro",21,"Kolokani",105,"Nonssonbougou",257,"Nonkon",NA,"Commune","Commune"
258,138,"MLI","Mali",5,"Koulikoro",21,"Kolokani",105,"Nonssonbougou",258,"Nossombougou",NA,"Commune","Commune"
259,138,"MLI","Mali",5,"Koulikoro",21,"Kolokani",105,"Nonssonbougou",259,"Ouolodo",NA,"Commune","Commune"
260,138,"MLI","Mali",5,"Koulikoro",22,"Koulikoro",106,"Kenekou",260,"Dinandougou-Kou","Dinandougou","Commune","Commune"
261,138,"MLI","Mali",5,"Koulikoro",22,"Koulikoro",107,"Koula (Koul)",261,"Doumba",NA,"Commune","Commune"
262,138,"MLI","Mali",5,"Koulikoro",22,"Koulikoro",107,"Koula (Koul)",262,"Koula-Kol","Koula","Commune","Commune"
263,138,"MLI","Mali",5,"Koulikoro",22,"Koulikoro",108,"Koulakoulikoro",263,"Koulikoro",NA,"Urban Commune","Urban Commune"
264,138,"MLI","Mali",5,"Koulikoro",22,"Koulikoro",108,"Koulakoulikoro",264,"Meguetan",NA,"Commune","Commune"
265,138,"MLI","Mali",5,"Koulikoro",22,"Koulikoro",109,"Niamina",265,"Nyamina",NA,"Commune","Commune"
266,138,"MLI","Mali",5,"Koulikoro",22,"Koulikoro",110,"Sirakorola",266,"Sirakorola",NA,"Commune","Commune"
267,138,"MLI","Mali",5,"Koulikoro",22,"Koulikoro",111,"Tienfala",267,"Tienfala",NA,"Commune","Commune"
268,138,"MLI","Mali",5,"Koulikoro",22,"Koulikoro",112,"Tougouni",268,"Tougouni",NA,"Commune","Commune"
269,138,"MLI","Mali",5,"Koulikoro",23,"Nara",113,"Balle",269,"Allahina",NA,"Commune","Commune"
270,138,"MLI","Mali",5,"Koulikoro",23,"Nara",113,"Balle",270,"Dabo",NA,"Commune","Commune"
271,138,"MLI","Mali",5,"Koulikoro",23,"Nara",113,"Balle",271,"Dogofry-Nar","Dogofry","Commune","Commune"
272,138,"MLI","Mali",5,"Koulikoro",23,"Nara",114,"Dilly",272,"Dilly",NA,"Commune","Commune"
273,138,"MLI","Mali",5,"Koulikoro",23,"Nara",115,"Falou",273,"Fallou",NA,"Commune","Commune"
274,138,"MLI","Mali",5,"Koulikoro",23,"Nara",116,"Guire",274,"Guire",NA,"Commune","Commune"
275,138,"MLI","Mali",5,"Koulikoro",23,"Nara",117,"Mourdiah",275,"Niamana-Nar","Niamana","Commune","Commune"
276,138,"MLI","Mali",5,"Koulikoro",23,"Nara",118,"Nara",276,"Gueneibe",NA,"Commune","Commune"
277,138,"MLI","Mali",5,"Koulikoro",23,"Nara",118,"Nara",277,"Koronga",NA,"Commune","Commune"
278,138,"MLI","Mali",5,"Koulikoro",23,"Nara",118,"Nara",278,"Nara",NA,"Commune","Commune"
279,138,"MLI","Mali",5,"Koulikoro",23,"Nara",118,"Nara",279,"Ouagadou",NA,"Commune","Commune"
280,138,"MLI","Mali",6,"Mopti",24,"Bandiagara",119,"Bandiagara",280,"Bandiagara",NA,"Commune","Commune"
281,138,"MLI","Mali",6,"Mopti",24,"Bandiagara",119,"Bandiagara",281,"Dandoli",NA,"Commune","Commune"
282,138,"MLI","Mali",6,"Mopti",24,"Bandiagara",119,"Bandiagara",282,"Doucoumbo",NA,"Commune","Commune"
283,138,"MLI","Mali",6,"Mopti",24,"Bandiagara",119,"Bandiagara",283,"Soroly",NA,"Commune","Commune"
284,138,"MLI","Mali",6,"Mopti",24,"Bandiagara",120,"Dourou",284,"Dourou",NA,"Commune","Commune"
285,138,"MLI","Mali",6,"Mopti",24,"Bandiagara",120,"Dourou",285,"Pelou",NA,"Commune","Commune"
286,138,"MLI","Mali",6,"Mopti",24,"Bandiagara",121,"Goundaka",286,"Lowol Gueou",NA,"Commune","Commune"
287,138,"MLI","Mali",6,"Mopti",24,"Bandiagara",121,"Goundaka",287,"Pignari Bana",NA,"Commune","Commune"
288,138,"MLI","Mali",6,"Mopti",24,"Bandiagara",122,"Kani-Gogouna",288,"Wadouba",NA,"Commune","Commune"
289,138,"MLI","Mali",6,"Mopti",24,"Bandiagara",123,"Kendie",289,"Borko",NA,"Commune","Commune"
290,138,"MLI","Mali",6,"Mopti",24,"Bandiagara",123,"Kendie",290,"Dogani Bere",NA,"Commune","Commune"
291,138,"MLI","Mali",6,"Mopti",24,"Bandiagara",123,"Kendie",291,"Kende",NA,"Commune","Commune"
292,138,"MLI","Mali",6,"Mopti",24,"Bandiagara",123,"Kendie",292,"Kendie",NA,"Commune","Commune"
293,138,"MLI","Mali",6,"Mopti",24,"Bandiagara",124,"Ningari",293,"Diamnati",NA,"Commune","Commune"
294,138,"MLI","Mali",6,"Mopti",24,"Bandiagara",124,"Ningari",294,"Metoumou",NA,"Commune","Commune"
295,138,"MLI","Mali",6,"Mopti",24,"Bandiagara",124,"Ningari",295,"Ondougou",NA,"Commune","Commune"
296,138,"MLI","Mali",6,"Mopti",24,"Bandiagara",124,"Ningari",296,"Segue Ire",NA,"Commune","Commune"
297,138,"MLI","Mali",6,"Mopti",24,"Bandiagara",125,"Ouo",297,"Bara Sara",NA,"Commune","Commune"
298,138,"MLI","Mali",6,"Mopti",24,"Bandiagara",125,"Ouo",298,"Pignari",NA,"Commune","Commune"
299,138,"MLI","Mali",6,"Mopti",24,"Bandiagara",125,"Ouo",299,"Timiri","TIMINIRI","Commune","Commune"
300,138,"MLI","Mali",6,"Mopti",24,"Bandiagara",126,"Sangha",300,"Sangha",NA,"Commune","Commune"
301,138,"MLI","Mali",6,"Mopti",25,"Bankass",127,"Bankass",301,"Bankass",NA,"Commune","Commune"
302,138,"MLI","Mali",6,"Mopti",25,"Bankass",128,"Baye",302,"Baye-Ban","Baye","Commune","Commune"
303,138,"MLI","Mali",6,"Mopti",25,"Bankass",129,"Diallassagou",303,"Diallassagou",NA,"Commune","Commune"
304,138,"MLI","Mali",6,"Mopti",25,"Bankass",129,"Diallassagou",304,"Koulogon Habe",NA,"Commune","Commune"
305,138,"MLI","Mali",6,"Mopti",25,"Bankass",129,"Diallassagou",305,"Lessagou Habe",NA,"Commune","Commune"
306,138,"MLI","Mali",6,"Mopti",25,"Bankass",129,"Diallassagou",306,"Soubala",NA,"Commune","Commune"
307,138,"MLI","Mali",6,"Mopti",25,"Bankass",129,"Diallassagou",307,"Tori",NA,"Commune","Commune"
308,138,"MLI","Mali",6,"Mopti",25,"Bankass",130,"Kani-Bonzon",308,"Dimbal Habe",NA,"Commune","Commune"
309,138,"MLI","Mali",6,"Mopti",25,"Bankass",130,"Kani-Bonzon",309,"Kani Bozon",NA,"Commune","Commune"
310,138,"MLI","Mali",6,"Mopti",25,"Bankass",131,"Ouenkoro",310,"Ouonkoro","Ouenkoro","Commune","Commune"
311,138,"MLI","Mali",6,"Mopti",25,"Bankass",132,"Segue",311,"Segue",NA,"Commune","Commune"
312,138,"MLI","Mali",6,"Mopti",25,"Bankass",133,"Sokoura",312,"Sokoura",NA,"Commune","Commune"
313,138,"MLI","Mali",6,"Mopti",26,"Djenné",134,"Djenné",313,"Derrary",NA,"Commune","Commune"
314,138,"MLI","Mali",6,"Mopti",26,"Djenné",134,"Djenné",314,"Djenne",NA,"Urban Commune","Urban Commune"
315,138,"MLI","Mali",6,"Mopti",26,"Djenné",134,"Djenné",315,"Ouro Ali",NA,"Commune","Commune"
316,138,"MLI","Mali",6,"Mopti",26,"Djenné",134,"Djenné",316,"Pondori",NA,"Commune","Commune"
317,138,"MLI","Mali",6,"Mopti",26,"Djenné",135,"Konio",317,"Dandougou Fakala",NA,"Commune","Commune"
318,138,"MLI","Mali",6,"Mopti",26,"Djenné",135,"Konio",318,"Niansanari","Niansanarie","Commune","Commune"
319,138,"MLI","Mali",6,"Mopti",26,"Djenné",136,"Kouakourou",319,"Kewa",NA,"Commune","Commune"
320,138,"MLI","Mali",6,"Mopti",26,"Djenné",136,"Kouakourou",320,"Togue Mourari",NA,"Commune","Commune"
321,138,"MLI","Mali",6,"Mopti",26,"Djenné",137,"Mougna",321,"Nema Badenyakafo",NA,"Commune","Commune"
322,138,"MLI","Mali",6,"Mopti",26,"Djenné",138,"Sofara",322,"Fakala-Dje","Fakala","Commune","Commune"
323,138,"MLI","Mali",6,"Mopti",26,"Djenné",138,"Sofara",323,"Madiama",NA,"Commune","Commune"
324,138,"MLI","Mali",6,"Mopti",26,"Djenné",139,"Taga",324,"Femaye",NA,"Commune","Commune"
325,138,"MLI","Mali",6,"Mopti",27,"Douentza",140,"Boni",325,"Haire",NA,"Commune","Commune"
326,138,"MLI","Mali",6,"Mopti",27,"Douentza",141,"Bore",326,"Dangol Bore",NA,"Commune","Commune"
327,138,"MLI","Mali",6,"Mopti",27,"Douentza",142,"Douentza",327,"Dallah",NA,"Commune","Commune"
328,138,"MLI","Mali",6,"Mopti",27,"Douentza",142,"Douentza",328,"Debere",NA,"Commune","Commune"
329,138,"MLI","Mali",6,"Mopti",27,"Douentza",142,"Douentza",329,"Dianwely",NA,"Commune","Commune"
330,138,"MLI","Mali",6,"Mopti",27,"Douentza",142,"Douentza",330,"Douentza",NA,"Urban Commune","Urban Commune"
331,138,"MLI","Mali",6,"Mopti",27,"Douentza",142,"Douentza",331,"Gandamia",NA,"Commune","Commune"
332,138,"MLI","Mali",6,"Mopti",27,"Douentza",142,"Douentza",332,"Kerena",NA,"Commune","Commune"
333,138,"MLI","Mali",6,"Mopti",27,"Douentza",142,"Douentza",333,"Korarou",NA,"Commune","Commune"
334,138,"MLI","Mali",6,"Mopti",27,"Douentza",142,"Douentza",334,"Koubewel Koundia",NA,"Commune","Commune"
335,138,"MLI","Mali",6,"Mopti",27,"Douentza",142,"Douentza",335,"Petaka",NA,"Commune","Commune"
336,138,"MLI","Mali",6,"Mopti",27,"Douentza",142,"Douentza",336,"Tedie",NA,"Commune","Commune"
337,138,"MLI","Mali",6,"Mopti",27,"Douentza",143,"Hombori",337,"Hombori",NA,"Commune","Commune"
338,138,"MLI","Mali",6,"Mopti",27,"Douentza",144,"Mondoro",338,"Mondoro",NA,"Commune","Commune"
339,138,"MLI","Mali",6,"Mopti",27,"Douentza",145,"NGouma",339,"Djaptodji",NA,"Commune","Commune"
340,138,"MLI","Mali",6,"Mopti",28,"Koro",146,"Diankabou",340,"Bamba-Kor","Bamba","Commune","Commune"
341,138,"MLI","Mali",6,"Mopti",28,"Koro",146,"Diankabou",341,"Diankabou",NA,"Commune","Commune"
342,138,"MLI","Mali",6,"Mopti",28,"Koro",146,"Diankabou",342,"Kassa",NA,"Commune","Commune"
343,138,"MLI","Mali",6,"Mopti",28,"Koro",147,"Dinangourou",343,"Dinangourou-Kor","Dinangourou","Commune","Commune"
344,138,"MLI","Mali",6,"Mopti",28,"Koro",147,"Dinangourou",344,"Yoro",NA,"Commune","Commune"
345,138,"MLI","Mali",6,"Mopti",28,"Koro",148,"Dioungani",345,"Dioungani",NA,"Commune","Commune"
346,138,"MLI","Mali",6,"Mopti",28,"Koro",149,"Koporokeniena",346,"Koporo Pen",NA,"Commune","Commune"
347,138,"MLI","Mali",6,"Mopti",28,"Koro",149,"Koporokeniena",347,"Koporokendie Na",NA,"Commune","Commune"
348,138,"MLI","Mali",6,"Mopti",28,"Koro",149,"Koporokeniena",348,"Pel Maoude",NA,"Commune","Commune"
349,138,"MLI","Mali",6,"Mopti",28,"Koro",150,"Koro-Central",349,"Bondo",NA,"Commune","Commune"
350,138,"MLI","Mali",6,"Mopti",28,"Koro",150,"Koro-Central",350,"Koro",NA,"Commune","Commune"
351,138,"MLI","Mali",6,"Mopti",28,"Koro",150,"Koro-Central",351,"Youdiou",NA,"Commune","Commune"
352,138,"MLI","Mali",6,"Mopti",28,"Koro",151,"Madougou",352,"Barapireli",NA,"Commune","Commune"
353,138,"MLI","Mali",6,"Mopti",28,"Koro",151,"Madougou",353,"Madougou",NA,"Commune","Commune"
354,138,"MLI","Mali",6,"Mopti",28,"Koro",152,"Toroli",354,"Dougoutene 1","Dougoutene I","Commune","Commune"
355,138,"MLI","Mali",6,"Mopti",28,"Koro",152,"Toroli",355,"Dougoutene 2","Dougoutene II","Commune","Commune"
356,138,"MLI","Mali",6,"Mopti",29,"Mopti",153,"Dialloube",356,"Dialloube",NA,"Commune","Commune"
357,138,"MLI","Mali",6,"Mopti",29,"Mopti",154,"Fatoma",357,"Bassirou",NA,"Commune","Commune"
358,138,"MLI","Mali",6,"Mopti",29,"Mopti",154,"Fatoma",358,"Fatoma",NA,"Commune","Commune"
359,138,"MLI","Mali",6,"Mopti",29,"Mopti",154,"Fatoma",359,"Kounari",NA,"Commune","Commune"
360,138,"MLI","Mali",6,"Mopti",29,"Mopti",155,"Konna",360,"Borondougou",NA,"Commune","Commune"
361,138,"MLI","Mali",6,"Mopti",29,"Mopti",155,"Konna",361,"Konna",NA,"Commune","Commune"
362,138,"MLI","Mali",6,"Mopti",29,"Mopti",156,"Korientze",362,"Korombana",NA,"Commune","Commune"
363,138,"MLI","Mali",6,"Mopti",29,"Mopti",157,"Mopti",363,"Mopti",NA,"Urban Commune","Urban Commune"
364,138,"MLI","Mali",6,"Mopti",29,"Mopti",157,"Mopti",364,"Socoura",NA,"Commune","Commune"
365,138,"MLI","Mali",6,"Mopti",29,"Mopti",158,"Ouromodi",365,"Koubaye",NA,"Commune","Commune"
366,138,"MLI","Mali",6,"Mopti",29,"Mopti",158,"Ouromodi",366,"Ouro Modi",NA,"Commune","Commune"
367,138,"MLI","Mali",6,"Mopti",29,"Mopti",158,"Ouromodi",367,"Sasalbe",NA,"Commune","Commune"
368,138,"MLI","Mali",6,"Mopti",29,"Mopti",159,"Sendegue",368,"Ouroube Doude",NA,"Commune","Commune"
369,138,"MLI","Mali",6,"Mopti",29,"Mopti",160,"Soufouroulaye",369,"Sio",NA,"Commune","Commune"
370,138,"MLI","Mali",6,"Mopti",29,"Mopti",161,"Soye",370,"Soye",NA,"Commune","Commune"
371,138,"MLI","Mali",6,"Mopti",30,"Ténenkou",162,"Diafarabe",371,"Diafarabe",NA,"Commune","Commune"
372,138,"MLI","Mali",6,"Mopti",30,"Ténenkou",163,"Diondori",372,"Diondori",NA,"Commune","Commune"
373,138,"MLI","Mali",6,"Mopti",30,"Ténenkou",164,"Dioura",373,"Kareri",NA,"Commune","Commune"
374,138,"MLI","Mali",6,"Mopti",30,"Ténenkou",165,"Sossobe",374,"Togoro Kotia","Togoro Kotiya","Commune","Commune"
375,138,"MLI","Mali",6,"Mopti",30,"Ténenkou",166,"Ténenkou",375,"Diaka",NA,"Commune","Commune"
376,138,"MLI","Mali",6,"Mopti",30,"Ténenkou",166,"Ténenkou",376,"Ouro Ardo",NA,"Commune","Commune"
377,138,"MLI","Mali",6,"Mopti",30,"Ténenkou",166,"Ténenkou",377,"Ouro Guire",NA,"Commune","Commune"
378,138,"MLI","Mali",6,"Mopti",30,"Ténenkou",166,"Ténenkou",378,"Sougoulbe",NA,"Commune","Commune"
379,138,"MLI","Mali",6,"Mopti",30,"Ténenkou",166,"Ténenkou",379,"Tenenkou",NA,"Urban Commune","Urban Commune"
380,138,"MLI","Mali",6,"Mopti",30,"Ténenkou",167,"Toguerecoumbe",380,"Toguere Coumbe",NA,"Commune","Commune"
381,138,"MLI","Mali",6,"Mopti",31,"Youwarou",168,"Ambiri",381,"Dirma",NA,"Commune","Commune"
382,138,"MLI","Mali",6,"Mopti",31,"Youwarou",168,"Ambiri",382,"Dongo",NA,"Commune","Commune"
383,138,"MLI","Mali",6,"Mopti",31,"Youwarou",169,"Dogo",383,"Bimbere Tama",NA,"Commune","Commune"
384,138,"MLI","Mali",6,"Mopti",31,"Youwarou",170,"Gathi-Loumo",384,"Farimake",NA,"Commune","Commune"
385,138,"MLI","Mali",6,"Mopti",31,"Youwarou",171,"Guidiosarre",385,"Deboye",NA,"Commune","Commune"
386,138,"MLI","Mali",6,"Mopti",31,"Youwarou",172,"Sah",386,"N'Dodjiga",NA,"Commune","Commune"
387,138,"MLI","Mali",6,"Mopti",31,"Youwarou",173,"Youvarou",387,"Youwarou",NA,"Commune","Commune"
388,138,"MLI","Mali",7,"Ségou",32,"Barouéli",174,"Barouéli",388,"Baraoueli",NA,"Commune","Commune"
389,138,"MLI","Mali",7,"Ségou",32,"Barouéli",174,"Barouéli",389,"Kalake",NA,"Commune","Commune"
390,138,"MLI","Mali",7,"Ségou",32,"Barouéli",175,"Konobougou",390,"Konobougou",NA,"Commune","Commune"
391,138,"MLI","Mali",7,"Ségou",32,"Barouéli",176,"Sanando",391,"Gouendo",NA,"Commune","Commune"
392,138,"MLI","Mali",7,"Ségou",32,"Barouéli",176,"Sanando",392,"N'Gassola",NA,"Commune","Commune"
393,138,"MLI","Mali",7,"Ségou",32,"Barouéli",176,"Sanando",393,"Samine","Samene","Commune","Commune"
394,138,"MLI","Mali",7,"Ségou",32,"Barouéli",176,"Sanando",394,"Sanando",NA,"Commune","Commune"
395,138,"MLI","Mali",7,"Ségou",32,"Barouéli",176,"Sanando",395,"Tesserla",NA,"Commune","Commune"
396,138,"MLI","Mali",7,"Ségou",32,"Barouéli",177,"Tamani",396,"Boidie",NA,"Commune","Commune"
397,138,"MLI","Mali",7,"Ségou",32,"Barouéli",177,"Tamani",397,"Dougoufie",NA,"Commune","Commune"
398,138,"MLI","Mali",7,"Ségou",32,"Barouéli",177,"Tamani",398,"Somo-Bar","Somo","Commune","Commune"
399,138,"MLI","Mali",7,"Ségou",32,"Barouéli",177,"Tamani",399,"Tamani",NA,"Commune","Commune"
400,138,"MLI","Mali",7,"Ségou",33,"Bla",178,"Bla",400,"Beguene",NA,"Commune","Commune"
401,138,"MLI","Mali",7,"Ségou",33,"Bla",178,"Bla",401,"Bla",NA,"Commune","Commune"
402,138,"MLI","Mali",7,"Ségou",33,"Bla",178,"Bla",402,"Dougouolo",NA,"Commune","Commune"
403,138,"MLI","Mali",7,"Ségou",33,"Bla",178,"Bla",403,"Kemeni",NA,"Commune","Commune"
404,138,"MLI","Mali",7,"Ségou",33,"Bla",178,"Bla",404,"Niala",NA,"Commune","Commune"
405,138,"MLI","Mali",7,"Ségou",33,"Bla",178,"Bla",405,"Somasso",NA,"Commune","Commune"
406,138,"MLI","Mali",7,"Ségou",33,"Bla",178,"Bla",406,"Tiemena",NA,"Commune","Commune"
407,138,"MLI","Mali",7,"Ségou",33,"Bla",179,"Diaramana",407,"Diaramana",NA,"Commune","Commune"
408,138,"MLI","Mali",7,"Ségou",33,"Bla",179,"Diaramana",408,"Samabogo",NA,"Commune","Commune"
409,138,"MLI","Mali",7,"Ségou",33,"Bla",180,"Falo",409,"Falo",NA,"Commune","Commune"
410,138,"MLI","Mali",7,"Ségou",33,"Bla",181,"Touna",410,"Diena",NA,"Commune","Commune"
411,138,"MLI","Mali",7,"Ségou",33,"Bla",181,"Touna",411,"Touna",NA,"Commune","Commune"
412,138,"MLI","Mali",7,"Ségou",33,"Bla",182,"Yangasso",412,"Fani",NA,"Commune","Commune"
413,138,"MLI","Mali",7,"Ségou",33,"Bla",182,"Yangasso",413,"Kazangasso",NA,"Commune","Commune"
414,138,"MLI","Mali",7,"Ségou",33,"Bla",182,"Yangasso",414,"Korodougou",NA,"Commune","Commune"
415,138,"MLI","Mali",7,"Ségou",33,"Bla",182,"Yangasso",415,"Koulandougou",NA,"Commune","Commune"
416,138,"MLI","Mali",7,"Ségou",33,"Bla",182,"Yangasso",416,"Yangasso",NA,"Commune","Commune"
417,138,"MLI","Mali",7,"Ségou",34,"Macina",183,"Kolongotomo",417,"Boky Were",NA,"Commune","Commune"
418,138,"MLI","Mali",7,"Ségou",34,"Macina",183,"Kolongotomo",418,"Kokry Centre",NA,"Commune","Commune"
419,138,"MLI","Mali",7,"Ségou",34,"Macina",183,"Kolongotomo",419,"Kolongo",NA,"Commune","Commune"
420,138,"MLI","Mali",7,"Ségou",34,"Macina",184,"Macina",420,"Macina",NA,"Commune","Commune"
421,138,"MLI","Mali",7,"Ségou",34,"Macina",185,"Monimpe",421,"Monimpebougou",NA,"Commune","Commune"
422,138,"MLI","Mali",7,"Ségou",34,"Macina",186,"Sarro",422,"Folomana",NA,"Commune","Commune"
423,138,"MLI","Mali",7,"Ségou",34,"Macina",186,"Sarro",423,"Saloba",NA,"Commune","Commune"
424,138,"MLI","Mali",7,"Ségou",34,"Macina",186,"Sarro",424,"Tongue",NA,"Commune","Commune"
425,138,"MLI","Mali",7,"Ségou",34,"Macina",187,"Saye",425,"Matomo",NA,"Commune","Commune"
426,138,"MLI","Mali",7,"Ségou",34,"Macina",187,"Saye",426,"Sana",NA,"Commune","Commune"
427,138,"MLI","Mali",7,"Ségou",34,"Macina",187,"Saye",427,"Souleye",NA,"Commune","Commune"
428,138,"MLI","Mali",7,"Ségou",35,"Niono",188,"Nampala",428,"Nampalari",NA,"Commune","Commune"
429,138,"MLI","Mali",7,"Ségou",35,"Niono",189,"Niono",429,"Kala Siguida",NA,"Commune","Commune"
430,138,"MLI","Mali",7,"Ségou",35,"Niono",189,"Niono",430,"Mariko",NA,"Commune","Commune"
431,138,"MLI","Mali",7,"Ségou",35,"Niono",189,"Niono",431,"Niono",NA,"Commune","Commune"
432,138,"MLI","Mali",7,"Ségou",35,"Niono",189,"Niono",432,"Siribala",NA,"Commune","Commune"
433,138,"MLI","Mali",7,"Ségou",35,"Niono",189,"Niono",433,"Sirifila Boundy",NA,"Commune","Commune"
434,138,"MLI","Mali",7,"Ségou",35,"Niono",189,"Niono",434,"Toridaga-Ko",NA,"Commune","Commune"
435,138,"MLI","Mali",7,"Ségou",35,"Niono",189,"Niono",435,"Yeredon Saniona",NA,"Commune","Commune"
436,138,"MLI","Mali",7,"Ségou",35,"Niono",190,"Pogo",436,"Pogo",NA,"Commune","Commune"
437,138,"MLI","Mali",7,"Ségou",35,"Niono",191,"Sokolo",437,"Diabaly",NA,"Commune","Commune"
438,138,"MLI","Mali",7,"Ségou",35,"Niono",191,"Sokolo",438,"Dogofry-Nio","Dogofry","Commune","Commune"
439,138,"MLI","Mali",7,"Ségou",35,"Niono",191,"Sokolo",439,"Sokolo",NA,"Commune","Commune"
440,138,"MLI","Mali",7,"Ségou",36,"Ségou",192,"Cinzana",440,"Cinzana",NA,"Commune","Commune"
441,138,"MLI","Mali",7,"Ségou",36,"Ségou",193,"Dioro",441,"Diedougou-Seg","Diedougou","Commune","Commune"
442,138,"MLI","Mali",7,"Ségou",36,"Ségou",193,"Dioro",442,"Dioro",NA,"Commune","Commune"
443,138,"MLI","Mali",7,"Ségou",36,"Ségou",193,"Dioro",443,"Farakou Massa",NA,"Commune","Commune"
444,138,"MLI","Mali",7,"Ségou",36,"Ségou",193,"Dioro",444,"Kamiandougou",NA,"Commune","Commune"
445,138,"MLI","Mali",7,"Ségou",36,"Ségou",194,"Doura",445,"Baguindadougou",NA,"Commune","Commune"
446,138,"MLI","Mali",7,"Ségou",36,"Ségou",194,"Doura",446,"Bellen",NA,"Commune","Commune"
447,138,"MLI","Mali",7,"Ségou",36,"Ségou",194,"Doura",447,"N'Koumandougou",NA,"Commune","Commune"
448,138,"MLI","Mali",7,"Ségou",36,"Ségou",195,"Farako",448,"Diganibougou",NA,"Commune","Commune"
449,138,"MLI","Mali",7,"Ségou",36,"Ségou",195,"Farako",449,"Farako-Seg","Farako","Commune","Commune"
450,138,"MLI","Mali",7,"Ségou",36,"Ségou",195,"Farako",450,"Sama Foulala",NA,"Commune","Commune"
451,138,"MLI","Mali",7,"Ségou",36,"Ségou",195,"Farako",451,"Souba",NA,"Commune","Commune"
452,138,"MLI","Mali",7,"Ségou",36,"Ségou",196,"Katiena",452,"Diouna",NA,"Commune","Commune"
453,138,"MLI","Mali",7,"Ségou",36,"Ségou",196,"Katiena",453,"Fatine",NA,"Commune","Commune"
454,138,"MLI","Mali",7,"Ségou",36,"Ségou",196,"Katiena",454,"Katiena",NA,"Commune","Commune"
455,138,"MLI","Mali",7,"Ségou",36,"Ségou",197,"Markala",455,"Boussin",NA,"Commune","Commune"
456,138,"MLI","Mali",7,"Ségou",36,"Ségou",197,"Markala",456,"Dougabougou",NA,"Commune","Commune"
457,138,"MLI","Mali",7,"Ségou",36,"Ségou",197,"Markala",457,"Markala",NA,"Commune","Commune"
458,138,"MLI","Mali",7,"Ségou",36,"Ségou",197,"Markala",458,"Togou",NA,"Commune","Commune"
459,138,"MLI","Mali",7,"Ségou",36,"Ségou",198,"Ségou",459,"Konodimini",NA,"Commune","Commune"
460,138,"MLI","Mali",7,"Ségou",36,"Ségou",198,"Ségou",460,"Massala",NA,"Commune","Commune"
461,138,"MLI","Mali",7,"Ségou",36,"Ségou",198,"Ségou",461,"N'Gara",NA,"Commune","Commune"
462,138,"MLI","Mali",7,"Ségou",36,"Ségou",198,"Ségou",462,"Pelengana",NA,"Commune","Commune"
463,138,"MLI","Mali",7,"Ségou",36,"Ségou",198,"Ségou",463,"Sakoiba",NA,"Commune","Commune"
464,138,"MLI","Mali",7,"Ségou",36,"Ségou",198,"Ségou",464,"Sebougou",NA,"Commune","Commune"
465,138,"MLI","Mali",7,"Ségou",36,"Ségou",198,"Ségou",465,"Segou",NA,"Urban Commune","Urban Commune"
466,138,"MLI","Mali",7,"Ségou",36,"Ségou",198,"Ségou",466,"Soignebougou",NA,"Commune","Commune"
467,138,"MLI","Mali",7,"Ségou",36,"Ségou",199,"Sansading",467,"Sansanding",NA,"Commune","Commune"
468,138,"MLI","Mali",7,"Ségou",36,"Ségou",199,"Sansading",468,"Sibila",NA,"Commune","Commune"
469,138,"MLI","Mali",7,"Ségou",37,"San",200,"Dieli",469,"Diakourouna",NA,"Commune","Commune"
470,138,"MLI","Mali",7,"Ségou",37,"San",200,"Dieli",470,"Dieli",NA,"Commune","Commune"
471,138,"MLI","Mali",7,"Ségou",37,"San",200,"Dieli",471,"N'Torosso",NA,"Commune","Commune"
472,138,"MLI","Mali",7,"Ségou",37,"San",200,"Dieli",472,"Niamana-San","Niamana","Commune","Commune"
473,138,"MLI","Mali",7,"Ségou",37,"San",201,"Kassorola",473,"Kassorola",NA,"Commune","Commune"
474,138,"MLI","Mali",7,"Ségou",37,"San",201,"Kassorola",474,"Moribila",NA,"Commune","Commune"
475,138,"MLI","Mali",7,"Ségou",37,"San",201,"Kassorola",475,"Tourakolomba",NA,"Commune","Commune"
476,138,"MLI","Mali",7,"Ségou",37,"San",202,"Kimparana",476,"Kaniegue",NA,"Commune","Commune"
477,138,"MLI","Mali",7,"Ségou",37,"San",202,"Kimparana",477,"Karaba",NA,"Commune","Commune"
478,138,"MLI","Mali",7,"Ségou",37,"San",202,"Kimparana",478,"Kava",NA,"Commune","Commune"
479,138,"MLI","Mali",7,"Ségou",37,"San",202,"Kimparana",479,"Waki",NA,"Commune","Commune"
480,138,"MLI","Mali",7,"Ségou",37,"San",203,"San",480,"Djeguena",NA,"Commune","Commune"
481,138,"MLI","Mali",7,"Ségou",37,"San",203,"San",481,"N'Goa",NA,"Commune","Commune"
482,138,"MLI","Mali",7,"Ségou",37,"San",203,"San",482,"Niasso",NA,"Commune","Commune"
483,138,"MLI","Mali",7,"Ségou",37,"San",203,"San",483,"San",NA,"Urban Commune","Urban Commune"
484,138,"MLI","Mali",7,"Ségou",37,"San",203,"San",484,"Somo-San","Somo","Commune","Commune"
485,138,"MLI","Mali",7,"Ségou",37,"San",203,"San",485,"Teneni",NA,"Commune","Commune"
486,138,"MLI","Mali",7,"Ségou",37,"San",204,"Sourountouna",486,"Dah",NA,"Commune","Commune"
487,138,"MLI","Mali",7,"Ségou",37,"San",204,"Sourountouna",487,"Sourountouna",NA,"Commune","Commune"
488,138,"MLI","Mali",7,"Ségou",37,"San",205,"Sy",488,"Ouolon",NA,"Commune","Commune"
489,138,"MLI","Mali",7,"Ségou",37,"San",205,"Sy",489,"Siadougou",NA,"Commune","Commune"
490,138,"MLI","Mali",7,"Ségou",37,"San",205,"Sy",490,"Sy",NA,"Commune","Commune"
491,138,"MLI","Mali",7,"Ségou",37,"San",206,"Tene",491,"Baramandougou",NA,"Commune","Commune"
492,138,"MLI","Mali",7,"Ségou",37,"San",206,"Tene",492,"Fion","Fio","Commune","Commune"
493,138,"MLI","Mali",7,"Ségou",37,"San",206,"Tene",493,"Tene",NA,"Commune","Commune"
494,138,"MLI","Mali",7,"Ségou",38,"Tominian",207,"Fangasso",494,"Fangasso",NA,"Commune","Commune"
495,138,"MLI","Mali",7,"Ségou",38,"Tominian",207,"Fangasso",495,"Ouan",NA,"Commune","Commune"
496,138,"MLI","Mali",7,"Ségou",38,"Tominian",208,"Koula",496,"Koula-Tom","Koula","Commune","Commune"
497,138,"MLI","Mali",7,"Ségou",38,"Tominian",208,"Koula",497,"Lanfiala",NA,"Commune","Commune"
498,138,"MLI","Mali",7,"Ségou",38,"Tominian",209,"Mafoune",498,"Mafoune",NA,"Commune","Commune"
499,138,"MLI","Mali",7,"Ségou",38,"Tominian",210,"Mandiakuy",499,"Benena",NA,"Commune","Commune"
500,138,"MLI","Mali",7,"Ségou",38,"Tominian",210,"Mandiakuy",500,"Diora",NA,"Commune","Commune"
501,138,"MLI","Mali",7,"Ségou",38,"Tominian",210,"Mandiakuy",501,"Mandiakuy",NA,"Commune","Commune"
502,138,"MLI","Mali",7,"Ségou",38,"Tominian",210,"Mandiakuy",502,"Sanekuy",NA,"Commune","Commune"
503,138,"MLI","Mali",7,"Ségou",38,"Tominian",211,"Timissa",503,"Timissa",NA,"Commune","Commune"
504,138,"MLI","Mali",7,"Ségou",38,"Tominian",212,"Tominiam",504,"Tominian",NA,"Commune","Commune"
505,138,"MLI","Mali",7,"Ségou",38,"Tominian",212,"Tominiam",505,"Yasso",NA,"Commune","Commune"
506,138,"MLI","Mali",8,"Sikasso",39,"Bougouni",213,"Bougouni",506,"Bougouni",NA,"Urban Commune","Urban Commune"
507,138,"MLI","Mali",8,"Sikasso",39,"Bougouni",213,"Bougouni",507,"Faradiele",NA,"Commune","Commune"
508,138,"MLI","Mali",8,"Sikasso",39,"Bougouni",213,"Bougouni",508,"Kokele",NA,"Commune","Commune"
509,138,"MLI","Mali",8,"Sikasso",39,"Bougouni",213,"Bougouni",509,"Kola",NA,"Commune","Commune"
510,138,"MLI","Mali",8,"Sikasso",39,"Bougouni",213,"Bougouni",510,"Sido",NA,"Commune","Commune"
511,138,"MLI","Mali",8,"Sikasso",39,"Bougouni",213,"Bougouni",511,"Tiemala Banimonotie",NA,"Commune","Commune"
512,138,"MLI","Mali",8,"Sikasso",39,"Bougouni",214,"Dogosikasso",512,"Dogo",NA,"Commune","Commune"
513,138,"MLI","Mali",8,"Sikasso",39,"Bougouni",214,"Dogosikasso",513,"Meridiela",NA,"Commune","Commune"
514,138,"MLI","Mali",8,"Sikasso",39,"Bougouni",215,"Faragouaran",514,"Danou",NA,"Commune","Commune"
515,138,"MLI","Mali",8,"Sikasso",39,"Bougouni",215,"Faragouaran",515,"Faragouaran",NA,"Commune","Commune"
516,138,"MLI","Mali",8,"Sikasso",39,"Bougouni",215,"Faragouaran",516,"Kouroulamini",NA,"Commune","Commune"
517,138,"MLI","Mali",8,"Sikasso",39,"Bougouni",216,"Garalo",517,"Bladie-Tiemala",NA,"Commune","Commune"
518,138,"MLI","Mali",8,"Sikasso",39,"Bougouni",216,"Garalo",518,"Defina",NA,"Commune","Commune"
519,138,"MLI","Mali",8,"Sikasso",39,"Bougouni",216,"Garalo",519,"Garalo",NA,"Commune","Commune"
520,138,"MLI","Mali",8,"Sikasso",39,"Bougouni",216,"Garalo",520,"Yiridougou",NA,"Commune","Commune"
521,138,"MLI","Mali",8,"Sikasso",39,"Bougouni",217,"Keleya",521,"Chantoula",NA,"Commune","Commune"
522,138,"MLI","Mali",8,"Sikasso",39,"Bougouni",217,"Keleya",522,"Keleya",NA,"Commune","Commune"
523,138,"MLI","Mali",8,"Sikasso",39,"Bougouni",217,"Keleya",523,"Ouroun",NA,"Commune","Commune"
524,138,"MLI","Mali",8,"Sikasso",39,"Bougouni",218,"Koumantou",524,"Koumantou",NA,"Commune","Commune"
525,138,"MLI","Mali",8,"Sikasso",39,"Bougouni",219,"Manakoro",525,"Sibirila",NA,"Commune","Commune"
526,138,"MLI","Mali",8,"Sikasso",39,"Bougouni",219,"Manakoro",526,"Yinindougou",NA,"Commune","Commune"
527,138,"MLI","Mali",8,"Sikasso",39,"Bougouni",220,"Sanso",527,"Debelin",NA,"Commune","Commune"
528,138,"MLI","Mali",8,"Sikasso",39,"Bougouni",220,"Sanso",528,"Domba",NA,"Commune","Commune"
529,138,"MLI","Mali",8,"Sikasso",39,"Bougouni",220,"Sanso",529,"Sanso",NA,"Commune","Commune"
530,138,"MLI","Mali",8,"Sikasso",39,"Bougouni",220,"Sanso",530,"Wola",NA,"Commune","Commune"
531,138,"MLI","Mali",8,"Sikasso",39,"Bougouni",221,"Zantiebougou",531,"Zantiebougou",NA,"Commune","Commune"
532,138,"MLI","Mali",8,"Sikasso",40,"Kadiolo",222,"Fourou",532,"Diou",NA,"Commune","Commune"
533,138,"MLI","Mali",8,"Sikasso",40,"Kadiolo",222,"Fourou",533,"Fourou",NA,"Commune","Commune"
534,138,"MLI","Mali",8,"Sikasso",40,"Kadiolo",223,"Kadiolo",534,"Dioumatene",NA,"Commune","Commune"
535,138,"MLI","Mali",8,"Sikasso",40,"Kadiolo",223,"Kadiolo",535,"Kadiolo",NA,"Commune","Commune"
536,138,"MLI","Mali",8,"Sikasso",40,"Kadiolo",223,"Kadiolo",536,"Zegoua",NA,"Commune","Commune"
537,138,"MLI","Mali",8,"Sikasso",40,"Kadiolo",224,"Loulouni",537,"Kai",NA,"Commune","Commune"
538,138,"MLI","Mali",8,"Sikasso",40,"Kadiolo",224,"Loulouni",538,"Loulouni",NA,"Commune","Commune"
539,138,"MLI","Mali",8,"Sikasso",40,"Kadiolo",224,"Loulouni",539,"Nimbougou",NA,"Commune","Commune"
540,138,"MLI","Mali",8,"Sikasso",40,"Kadiolo",225,"Misseni",540,"Misseni",NA,"Commune","Commune"
541,138,"MLI","Mali",8,"Sikasso",41,"Kolondiéba",226,"Fakola",541,"Bougoula-Kol","Bougoula","Commune","Commune"
542,138,"MLI","Mali",8,"Sikasso",41,"Kolondiéba",226,"Fakola",542,"Fakola-Kol","Fakola","Commune","Commune"
543,138,"MLI","Mali",8,"Sikasso",41,"Kolondiéba",226,"Fakola",543,"Farako-Kol","Farako","Commune","Commune"
544,138,"MLI","Mali",8,"Sikasso",41,"Kolondiéba",227,"Kadiana",544,"Kadiana",NA,"Commune","Commune"
545,138,"MLI","Mali",8,"Sikasso",41,"Kolondiéba",227,"Kadiana",545,"Nangalasso",NA,"Commune","Commune"
546,138,"MLI","Mali",8,"Sikasso",41,"Kolondiéba",227,"Kadiana",546,"Tiongui",NA,"Commune","Commune"
547,138,"MLI","Mali",8,"Sikasso",41,"Kolondiéba",228,"Kebila",547,"Kebila",NA,"Commune","Commune"
548,138,"MLI","Mali",8,"Sikasso",41,"Kolondiéba",229,"Kolondiéba",548,"Kolondieba",NA,"Commune","Commune"
549,138,"MLI","Mali",8,"Sikasso",41,"Kolondiéba",229,"Kolondiéba",549,"Mena",NA,"Commune","Commune"
550,138,"MLI","Mali",8,"Sikasso",41,"Kolondiéba",229,"Kolondiéba",550,"N'Golodiana",NA,"Commune","Commune"
551,138,"MLI","Mali",8,"Sikasso",41,"Kolondiéba",230,"Toussekela",551,"Kolosso",NA,"Commune","Commune"
552,138,"MLI","Mali",8,"Sikasso",41,"Kolondiéba",230,"Toussekela",552,"Tousseguela",NA,"Commune","Commune"
553,138,"MLI","Mali",8,"Sikasso",42,"Koutiala",231,"Konseguela",553,"Diedougou-Kou","Diedougou","Commune","Commune"
554,138,"MLI","Mali",8,"Sikasso",42,"Koutiala",231,"Konseguela",554,"Fagui",NA,"Commune","Commune"
555,138,"MLI","Mali",8,"Sikasso",42,"Koutiala",231,"Konseguela",555,"Konina",NA,"Commune","Commune"
556,138,"MLI","Mali",8,"Sikasso",42,"Koutiala",231,"Konseguela",556,"Konseguela",NA,"Commune","Commune"
557,138,"MLI","Mali",8,"Sikasso",42,"Koutiala",232,"Kouniana",557,"Gouadji Kao",NA,"Commune","Commune"
558,138,"MLI","Mali",8,"Sikasso",42,"Koutiala",232,"Kouniana",558,"Koromo",NA,"Commune","Commune"
559,138,"MLI","Mali",8,"Sikasso",42,"Koutiala",232,"Kouniana",559,"Kouniana",NA,"Commune","Commune"
560,138,"MLI","Mali",8,"Sikasso",42,"Koutiala",232,"Kouniana",560,"Niantaga",NA,"Commune","Commune"
561,138,"MLI","Mali",8,"Sikasso",42,"Koutiala",232,"Kouniana",561,"Songo Doubakore","Songo Doubacore","Commune","Commune"
562,138,"MLI","Mali",8,"Sikasso",42,"Koutiala",232,"Kouniana",562,"Sorobasso",NA,"Commune","Commune"
563,138,"MLI","Mali",8,"Sikasso",42,"Koutiala",232,"Kouniana",563,"Zanfigue",NA,"Commune","Commune"
564,138,"MLI","Mali",8,"Sikasso",42,"Koutiala",233,"Koutiala",564,"Koutiala",NA,"Urban Commune","Urban Commune"
565,138,"MLI","Mali",8,"Sikasso",42,"Koutiala",233,"Koutiala",565,"Logouana",NA,"Commune","Commune"
566,138,"MLI","Mali",8,"Sikasso",42,"Koutiala",233,"Koutiala",566,"N'Goutjina",NA,"Commune","Commune"
567,138,"MLI","Mali",8,"Sikasso",42,"Koutiala",233,"Koutiala",567,"Nafanga",NA,"Commune","Commune"
568,138,"MLI","Mali",8,"Sikasso",42,"Koutiala",233,"Koutiala",568,"Nampe",NA,"Commune","Commune"
569,138,"MLI","Mali",8,"Sikasso",42,"Koutiala",233,"Koutiala",569,"Sincina",NA,"Commune","Commune"
570,138,"MLI","Mali",8,"Sikasso",42,"Koutiala",233,"Koutiala",570,"Songoua",NA,"Commune","Commune"
571,138,"MLI","Mali",8,"Sikasso",42,"Koutiala",233,"Koutiala",571,"Yognogo",NA,"Commune","Commune"
572,138,"MLI","Mali",8,"Sikasso",42,"Koutiala",233,"Koutiala",572,"Zebala",NA,"Commune","Commune"
573,138,"MLI","Mali",8,"Sikasso",42,"Koutiala",234,"Molobala",573,"Diouradougou Kafo",NA,"Commune","Commune"
574,138,"MLI","Mali",8,"Sikasso",42,"Koutiala",234,"Molobala",574,"Goudie Sougouna",NA,"Commune","Commune"
575,138,"MLI","Mali",8,"Sikasso",42,"Koutiala",234,"Molobala",575,"Kapala-Kou",NA,"Commune","Commune"
576,138,"MLI","Mali",8,"Sikasso",42,"Koutiala",234,"Molobala",576,"Kolonigue",NA,"Commune","Commune"
577,138,"MLI","Mali",8,"Sikasso",42,"Koutiala",234,"Molobala",577,"Koningue",NA,"Commune","Commune"
578,138,"MLI","Mali",8,"Sikasso",42,"Koutiala",235,"MPessoba",578,"Fakolo-Kou","Fakolo","Commune","Commune"
579,138,"MLI","Mali",8,"Sikasso",42,"Koutiala",235,"MPessoba",579,"Kafo Faboli",NA,"Commune","Commune"
580,138,"MLI","Mali",8,"Sikasso",42,"Koutiala",235,"MPessoba",580,"Karagouana Malle",NA,"Commune","Commune"
581,138,"MLI","Mali",8,"Sikasso",42,"Koutiala",235,"MPessoba",581,"M'Pessoba",NA,"Commune","Commune"
582,138,"MLI","Mali",8,"Sikasso",42,"Koutiala",235,"MPessoba",582,"Miena",NA,"Commune","Commune"
583,138,"MLI","Mali",8,"Sikasso",42,"Koutiala",235,"MPessoba",583,"N'Tossoni",NA,"Commune","Commune"
584,138,"MLI","Mali",8,"Sikasso",42,"Koutiala",235,"MPessoba",584,"Tao",NA,"Commune","Commune"
585,138,"MLI","Mali",8,"Sikasso",42,"Koutiala",235,"MPessoba",585,"Zanina",NA,"Commune","Commune"
586,138,"MLI","Mali",8,"Sikasso",42,"Koutiala",236,"Zangasso",586,"N'Golonianasso",NA,"Commune","Commune"
587,138,"MLI","Mali",8,"Sikasso",42,"Koutiala",236,"Zangasso",587,"Sinkolo",NA,"Commune","Commune"
588,138,"MLI","Mali",8,"Sikasso",42,"Koutiala",236,"Zangasso",588,"Zangasso",NA,"Commune","Commune"
589,138,"MLI","Mali",8,"Sikasso",43,"Sikasso",237,"Blendio",589,"Benkadi-Sik","Benkadi","Commune","Commune"
590,138,"MLI","Mali",8,"Sikasso",43,"Sikasso",237,"Blendio",590,"Blendio",NA,"Commune","Commune"
591,138,"MLI","Mali",8,"Sikasso",43,"Sikasso",237,"Blendio",591,"Dembela",NA,"Commune","Commune"
592,138,"MLI","Mali",8,"Sikasso",43,"Sikasso",237,"Blendio",592,"Miria",NA,"Commune","Commune"
593,138,"MLI","Mali",8,"Sikasso",43,"Sikasso",237,"Blendio",593,"Tiankadi",NA,"Commune","Commune"
594,138,"MLI","Mali",8,"Sikasso",43,"Sikasso",238,"Danderesso",594,"Danderesso",NA,"Commune","Commune"
595,138,"MLI","Mali",8,"Sikasso",43,"Sikasso",238,"Danderesso",595,"Finkolo",NA,"Commune","Commune"
596,138,"MLI","Mali",8,"Sikasso",43,"Sikasso",238,"Danderesso",596,"Nongo Souala",NA,"Commune","Commune"
597,138,"MLI","Mali",8,"Sikasso",43,"Sikasso",239,"Dogori",597,"Dialakoro",NA,"Commune","Commune"
598,138,"MLI","Mali",8,"Sikasso",43,"Sikasso",239,"Dogori",598,"Dogoni",NA,"Commune","Commune"
599,138,"MLI","Mali",8,"Sikasso",43,"Sikasso",239,"Dogori",599,"Kabarasso",NA,"Commune","Commune"
600,138,"MLI","Mali",8,"Sikasso",43,"Sikasso",240,"Finkolo",600,"Finkolo Ganadougou",NA,"Commune","Commune"
601,138,"MLI","Mali",8,"Sikasso",43,"Sikasso",240,"Finkolo",601,"N'Tjikouna",NA,"Commune","Commune"
602,138,"MLI","Mali",8,"Sikasso",43,"Sikasso",241,"Kignan",602,"Doumanaba",NA,"Commune","Commune"
603,138,"MLI","Mali",8,"Sikasso",43,"Sikasso",241,"Kignan",603,"Kignan",NA,"Commune","Commune"
604,138,"MLI","Mali",8,"Sikasso",43,"Sikasso",241,"Kignan",604,"Koumankou",NA,"Commune","Commune"
605,138,"MLI","Mali",8,"Sikasso",43,"Sikasso",241,"Kignan",605,"Kourouma",NA,"Commune","Commune"
606,138,"MLI","Mali",8,"Sikasso",43,"Sikasso",241,"Kignan",606,"Sanzana",NA,"Commune","Commune"
607,138,"MLI","Mali",8,"Sikasso",43,"Sikasso",241,"Kignan",607,"Tella",NA,"Commune","Commune"
608,138,"MLI","Mali",8,"Sikasso",43,"Sikasso",242,"Klela",608,"Fama",NA,"Commune","Commune"
609,138,"MLI","Mali",8,"Sikasso",43,"Sikasso",242,"Klela",609,"Gongasso",NA,"Commune","Commune"
610,138,"MLI","Mali",8,"Sikasso",43,"Sikasso",242,"Klela",610,"Klela",NA,"Commune","Commune"
611,138,"MLI","Mali",8,"Sikasso",43,"Sikasso",242,"Klela",611,"Kouoro",NA,"Commune","Commune"
612,138,"MLI","Mali",8,"Sikasso",43,"Sikasso",243,"Lobougoula",612,"Kolokoba",NA,"Commune","Commune"
613,138,"MLI","Mali",8,"Sikasso",43,"Sikasso",243,"Lobougoula",613,"Lobougoula",NA,"Commune","Commune"
614,138,"MLI","Mali",8,"Sikasso",43,"Sikasso",244,"Niena",614,"Miniko",NA,"Commune","Commune"
615,138,"MLI","Mali",8,"Sikasso",43,"Sikasso",244,"Niena",615,"Niena",NA,"Commune","Commune"
616,138,"MLI","Mali",8,"Sikasso",43,"Sikasso",244,"Niena",616,"Wateni",NA,"Commune","Commune"
617,138,"MLI","Mali",8,"Sikasso",43,"Sikasso",244,"Niena",617,"Zaniena",NA,"Commune","Commune"
618,138,"MLI","Mali",8,"Sikasso",43,"Sikasso",245,"Nkourala",618,"Farakala",NA,"Commune","Commune"
619,138,"MLI","Mali",8,"Sikasso",43,"Sikasso",245,"Nkourala",619,"Kapolondougou",NA,"Commune","Commune"
620,138,"MLI","Mali",8,"Sikasso",43,"Sikasso",245,"Nkourala",620,"Kofan",NA,"Commune","Commune"
621,138,"MLI","Mali",8,"Sikasso",43,"Sikasso",245,"Nkourala",621,"Zanferebougou",NA,"Commune","Commune"
622,138,"MLI","Mali",8,"Sikasso",43,"Sikasso",246,"Sikasso",622,"Diomatene",NA,"Commune","Commune"
623,138,"MLI","Mali",8,"Sikasso",43,"Sikasso",246,"Sikasso",623,"Kaboila",NA,"Commune","Commune"
624,138,"MLI","Mali",8,"Sikasso",43,"Sikasso",246,"Sikasso",624,"Kafoziela",NA,"Commune","Commune"
625,138,"MLI","Mali",8,"Sikasso",43,"Sikasso",246,"Sikasso",625,"Kapala-Sik","Kapala","Commune","Commune"
626,138,"MLI","Mali",8,"Sikasso",43,"Sikasso",246,"Sikasso",626,"Missirikoro",NA,"Commune","Commune"
627,138,"MLI","Mali",8,"Sikasso",43,"Sikasso",246,"Sikasso",627,"Natien",NA,"Commune","Commune"
628,138,"MLI","Mali",8,"Sikasso",43,"Sikasso",246,"Sikasso",628,"Pimperna",NA,"Commune","Commune"
629,138,"MLI","Mali",8,"Sikasso",43,"Sikasso",246,"Sikasso",629,"Sikasso",NA,"Urban Commune","Urban Commune"
630,138,"MLI","Mali",8,"Sikasso",43,"Sikasso",246,"Sikasso",630,"Sokourani",NA,"Commune","Commune"
631,138,"MLI","Mali",8,"Sikasso",43,"Sikasso",246,"Sikasso",631,"Zangaradougou",NA,"Commune","Commune"
632,138,"MLI","Mali",8,"Sikasso",44,"Yanfolila",247,"Doussodiana",632,"Bolo-Fouta",NA,"Commune","Commune"
633,138,"MLI","Mali",8,"Sikasso",44,"Yanfolila",247,"Doussodiana",633,"Djiguiya De Koloni",NA,"Commune","Commune"
634,138,"MLI","Mali",8,"Sikasso",44,"Yanfolila",248,"Filamana",634,"Koussan",NA,"Commune","Commune"
635,138,"MLI","Mali",8,"Sikasso",44,"Yanfolila",249,"Gueleninkoro",635,"Djallon-Foula",NA,"Commune","Commune"
636,138,"MLI","Mali",8,"Sikasso",44,"Yanfolila",249,"Gueleninkoro",636,"Yallankoro-Soloba",NA,"Commune","Commune"
637,138,"MLI","Mali",8,"Sikasso",44,"Yanfolila",250,"Kalana",637,"Gouandiaka",NA,"Commune","Commune"
638,138,"MLI","Mali",8,"Sikasso",44,"Yanfolila",251,"Kangare",638,"Baya",NA,"Commune","Commune"
639,138,"MLI","Mali",8,"Sikasso",44,"Yanfolila",251,"Kangare",639,"Sankarani",NA,"Commune","Commune"
640,138,"MLI","Mali",8,"Sikasso",44,"Yanfolila",251,"Kangare",640,"Tagandougou",NA,"Commune","Commune"
641,138,"MLI","Mali",8,"Sikasso",44,"Yanfolila",252,"Siekorole",641,"Sere Moussa Ani",NA,"Commune","Commune"
642,138,"MLI","Mali",8,"Sikasso",44,"Yanfolila",253,"Yanfolila",642,"Wassoulou-Balle",NA,"Commune","Commune"
643,138,"MLI","Mali",8,"Sikasso",44,"Yanfolila",254,"Yorobougoula",643,"Gouanan",NA,"Commune","Commune"
644,138,"MLI","Mali",8,"Sikasso",45,"Yorosso",255,"Boura",644,"Boura",NA,"Commune","Commune"
645,138,"MLI","Mali",8,"Sikasso",45,"Yorosso",255,"Boura",645,"Koumbia",NA,"Commune","Commune"
646,138,"MLI","Mali",8,"Sikasso",45,"Yorosso",255,"Boura",646,"Menamba 1",NA,"Commune","Commune"
647,138,"MLI","Mali",8,"Sikasso",45,"Yorosso",256,"Kouri",647,"Koury",NA,"Commune","Commune"
648,138,"MLI","Mali",8,"Sikasso",45,"Yorosso",256,"Kouri",648,"Ourikela",NA,"Commune","Commune"
649,138,"MLI","Mali",8,"Sikasso",45,"Yorosso",257,"Mahou",649,"Mahou",NA,"Commune","Commune"
650,138,"MLI","Mali",8,"Sikasso",45,"Yorosso",258,"Yorosso",650,"Karangana",NA,"Commune","Commune"
651,138,"MLI","Mali",8,"Sikasso",45,"Yorosso",258,"Yorosso",651,"Kiffosso 1",NA,"Commune","Commune"
652,138,"MLI","Mali",8,"Sikasso",45,"Yorosso",258,"Yorosso",652,"Yorosso",NA,"Commune","Commune"
653,138,"MLI","Mali",9,"Timbuktu",46,"Diré",259,"Danga",653,"Dangha",NA,"Commune","Commune"
654,138,"MLI","Mali",9,"Timbuktu",46,"Diré",259,"Danga",654,"Garbakoira",NA,"Commune","Commune"
655,138,"MLI","Mali",9,"Timbuktu",46,"Diré",260,"Diré",655,"Arham",NA,"Commune","Commune"
656,138,"MLI","Mali",9,"Timbuktu",46,"Diré",260,"Diré",656,"Bourem Sidi Amar",NA,"Commune","Commune"
657,138,"MLI","Mali",9,"Timbuktu",46,"Diré",260,"Diré",657,"Dire",NA,"Commune","Commune"
658,138,"MLI","Mali",9,"Timbuktu",46,"Diré",260,"Diré",658,"Kirchamba",NA,"Commune","Commune"
659,138,"MLI","Mali",9,"Timbuktu",46,"Diré",260,"Diré",659,"Kondi",NA,"Commune","Commune"
660,138,"MLI","Mali",9,"Timbuktu",46,"Diré",260,"Diré",660,"Tienkour",NA,"Commune","Commune"
661,138,"MLI","Mali",9,"Timbuktu",46,"Diré",260,"Diré",661,"Tindirma",NA,"Commune","Commune"
662,138,"MLI","Mali",9,"Timbuktu",46,"Diré",260,"Diré",662,"Tinguereguif","Tinguereguif Gari","Commune","Commune"
663,138,"MLI","Mali",9,"Timbuktu",46,"Diré",261,"Haibongo",663,"Haibongo",NA,"Commune","Commune"
664,138,"MLI","Mali",9,"Timbuktu",46,"Diré",262,"Sareyamou",664,"Binga",NA,"Commune","Commune"
665,138,"MLI","Mali",9,"Timbuktu",46,"Diré",262,"Sareyamou",665,"Sareyamou",NA,"Commune","Commune"
666,138,"MLI","Mali",9,"Timbuktu",47,"Goundam",263,"Bintagoungou",666,"Bintagoungou",NA,"Commune","Commune"
667,138,"MLI","Mali",9,"Timbuktu",47,"Goundam",263,"Bintagoungou",667,"Issa Bery",NA,"Commune","Commune"
668,138,"MLI","Mali",9,"Timbuktu",47,"Goundam",263,"Bintagoungou",668,"M'Bouna",NA,"Commune","Commune"
669,138,"MLI","Mali",9,"Timbuktu",47,"Goundam",264,"Douekire",669,"Douekire",NA,"Commune","Commune"
670,138,"MLI","Mali",9,"Timbuktu",47,"Goundam",265,"Farach",670,"Essakane",NA,"Commune","Commune"
671,138,"MLI","Mali",9,"Timbuktu",47,"Goundam",266,"Gargando",671,"Adarmalane",NA,"Commune","Commune"
672,138,"MLI","Mali",9,"Timbuktu",47,"Goundam",266,"Gargando",672,"Gargando",NA,"Commune","Commune"
673,138,"MLI","Mali",9,"Timbuktu",47,"Goundam",267,"Goundam",673,"Doukouria",NA,"Commune","Commune"
674,138,"MLI","Mali",9,"Timbuktu",47,"Goundam",267,"Goundam",674,"Goundam",NA,"Urban Commune","Urban Commune"
675,138,"MLI","Mali",9,"Timbuktu",47,"Goundam",267,"Goundam",675,"Kaneye",NA,"Commune","Commune"
676,138,"MLI","Mali",9,"Timbuktu",47,"Goundam",267,"Goundam",676,"Tele",NA,"Commune","Commune"
677,138,"MLI","Mali",9,"Timbuktu",47,"Goundam",268,"Raz-El-Ma",677,"Raz El Ma",NA,"Commune","Commune"
678,138,"MLI","Mali",9,"Timbuktu",47,"Goundam",268,"Raz-El-Ma",678,"Tin Aicha",NA,"Commune","Commune"
679,138,"MLI","Mali",9,"Timbuktu",47,"Goundam",269,"Tilemsi (Lenere)",679,"Alzounoub",NA,"Commune","Commune"
680,138,"MLI","Mali",9,"Timbuktu",47,"Goundam",269,"Tilemsi (Lenere)",680,"Tilemsi-Gou",NA,"Commune","Commune"
681,138,"MLI","Mali",9,"Timbuktu",47,"Goundam",270,"Tonka",681,"Tonka",NA,"Commune","Commune"
682,138,"MLI","Mali",9,"Timbuktu",48,"Gourma-Rharous",271,"Bambara-Maoude",682,"Bambara Maoude",NA,"Commune","Commune"
683,138,"MLI","Mali",9,"Timbuktu",48,"Gourma-Rharous",272,"Gossi",683,"Gossi",NA,"Commune","Commune"
684,138,"MLI","Mali",9,"Timbuktu",48,"Gourma-Rharous",273,"Gourma-Rharous",684,"Banicane",NA,"Commune","Commune"
685,138,"MLI","Mali",9,"Timbuktu",48,"Gourma-Rharous",273,"Gourma-Rharous",685,"Rharous",NA,"Commune","Commune"
686,138,"MLI","Mali",9,"Timbuktu",48,"Gourma-Rharous",274,"Haribomo",686,"Haribomo",NA,"Commune","Commune"
687,138,"MLI","Mali",9,"Timbuktu",48,"Gourma-Rharous",275,"Inadiatafane",687,"Inadiatafane",NA,"Commune","Commune"
688,138,"MLI","Mali",9,"Timbuktu",48,"Gourma-Rharous",276,"Modiakoye",688,"Hamzakona",NA,"Commune","Commune"
689,138,"MLI","Mali",9,"Timbuktu",48,"Gourma-Rharous",276,"Modiakoye",689,"Serere",NA,"Commune","Commune"
690,138,"MLI","Mali",9,"Timbuktu",48,"Gourma-Rharous",277,"Ouinerden",690,"Ouinerden",NA,"Commune","Commune"
691,138,"MLI","Mali",9,"Timbuktu",49,"Niafunké",278,"Banikane",691,"Banikane Narhawa",NA,"Commune","Commune"
692,138,"MLI","Mali",9,"Timbuktu",49,"Niafunké",279,"Koumaira",692,"Koumaira",NA,"Commune","Commune"
693,138,"MLI","Mali",9,"Timbuktu",49,"Niafunké",280,"Lere",693,"Dianke",NA,"Commune","Commune"
694,138,"MLI","Mali",9,"Timbuktu",49,"Niafunké",280,"Lere",694,"Lere",NA,"Commune","Commune"
695,138,"MLI","Mali",9,"Timbuktu",49,"Niafunké",281,"NGorkou",695,"N'Gorkou",NA,"Commune","Commune"
696,138,"MLI","Mali",9,"Timbuktu",49,"Niafunké",282,"Niafunké",696,"Souboundou",NA,"Commune","Commune"
697,138,"MLI","Mali",9,"Timbuktu",49,"Niafunké",283,"Sarafere",697,"Fitounga",NA,"Commune","Commune"
698,138,"MLI","Mali",9,"Timbuktu",49,"Niafunké",284,"Soumpi",698,"Soumpi",NA,"Commune","Commune"
699,138,"MLI","Mali",9,"Timbuktu",50,"Tombouctou",285,"Aglal",699,"Lafia",NA,"Commune","Commune"
700,138,"MLI","Mali",9,"Timbuktu",50,"Tombouctou",286,"Ber",700,"Ber",NA,"Commune","Commune"
701,138,"MLI","Mali",9,"Timbuktu",50,"Tombouctou",287,"Bourem-Inaly",701,"Bourem-Inaly",NA,"Commune","Commune"
702,138,"MLI","Mali",9,"Timbuktu",50,"Tombouctou",288,"Tinaguelhaj",702,"Salam",NA,"Commune","Commune"
703,138,"MLI","Mali",9,"Timbuktu",50,"Tombouctou",289,"Tombouctou",703,"Alafia",NA,"Commune","Commune"
704,138,"MLI","Mali",9,"Timbuktu",50,"Tombouctou",289,"Tombouctou",704,"Tombouctou",NA,"Urban Commune","Urban Commune"
