"OBJECTID","ID_0","ISO","NAME_0","ID_1","NAME_1","ID_2","NAME_2","ID_3","NAME_3","TYPE_3","ENGTYPE_3","NL_NAME_3","VARNAME_3"
1,138,"MLI","Mali",1,"Bamako",1,"Bamako",1,"Kalban-Coro","Arrondissement","Arrondissement",NA,NA
2,138,"MLI","Mali",2,"Gao",2,"Ansongo",2,"Ansongo","Arrondissement","Arrondissement",NA,NA
3,138,"MLI","Mali",2,"Gao",2,"Ansongo",3,"Ouatagouna","Arrondissement","Arrondissement",NA,NA
4,138,"MLI","Mali",2,"Gao",2,"Ansongo",4,"Talataye","Arrondissement","Arrondissement",NA,NA
5,138,"MLI","Mali",2,"Gao",2,"Ansongo",5,"Tessit","Arrondissement","Arrondissement",NA,NA
6,138,"MLI","Mali",2,"Gao",3,"Bourem",6,"Almoustarat","Arrondissement","Arrondissement",NA,NA
7,138,"MLI","Mali",2,"Gao",3,"Bourem",7,"Bamba","Arrondissement","Arrondissement",NA,NA
8,138,"MLI","Mali",2,"Gao",3,"Bourem",8,"Bourem","Arrondissement","Arrondissement",NA,NA
9,138,"MLI","Mali",2,"Gao",3,"Bourem",9,"Temera","Arrondissement","Arrondissement",NA,NA
10,138,"MLI","Mali",2,"Gao",4,"Gao",10,"Djebock","Arrondissement","Arrondissement",NA,NA
11,138,"MLI","Mali",2,"Gao",4,"Gao",11,"Gao-Central","Arrondissement","Arrondissement",NA,NA
12,138,"MLI","Mali",2,"Gao",4,"Gao",12,"Gao","Arrondissement","Arrondissement",NA,NA
13,138,"MLI","Mali",2,"Gao",4,"Gao",13,"Haoussa-Foulane","Arrondissement","Arrondissement",NA,NA
14,138,"MLI","Mali",2,"Gao",4,"Gao",14,"In-Tillit","Arrondissement","Arrondissement",NA,NA
15,138,"MLI","Mali",2,"Gao",5,"Ménaka",15,"Anderamboukane","Arrondissement","Arrondissement",NA,NA
16,138,"MLI","Mali",2,"Gao",5,"Ménaka",16,"Inekar","Arrondissement","Arrondissement",NA,NA
17,138,"MLI","Mali",2,"Gao",5,"Ménaka",17,"Menaka","Arrondissement","Arrondissement",NA,NA
18,138,"MLI","Mali",2,"Gao",5,"Ménaka",18,"Tidermene","Arrondissement","Arrondissement",NA,NA
19,138,"MLI","Mali",3,"Kayes",6,"Bafoulabé",19,"Bafoulabe","Arrondissement","Arrondissement",NA,NA
20,138,"MLI","Mali",3,"Kayes",6,"Bafoulabé",20,"Bamafele","Arrondissement","Arrondissement",NA,NA
21,138,"MLI","Mali",3,"Kayes",6,"Bafoulabé",21,"Diakon","Arrondissement","Arrondissement",NA,NA
22,138,"MLI","Mali",3,"Kayes",6,"Bafoulabé",22,"Diallan","Arrondissement","Arrondissement",NA,NA
23,138,"MLI","Mali",3,"Kayes",6,"Bafoulabé",23,"Kontela","Arrondissement","Arrondissement",NA,NA
24,138,"MLI","Mali",3,"Kayes",6,"Bafoulabé",24,"Koundian","Arrondissement","Arrondissement",NA,NA
25,138,"MLI","Mali",3,"Kayes",6,"Bafoulabé",25,"Mahina","Arrondissement","Arrondissement",NA,NA
26,138,"MLI","Mali",3,"Kayes",6,"Bafoulabé",26,"Oualia","Arrondissement","Arrondissement",NA,NA
27,138,"MLI","Mali",3,"Kayes",6,"Bafoulabé",27,"Oussoubidiagna","Arrondissement","Arrondissement",NA,NA
28,138,"MLI","Mali",3,"Kayes",7,"Diéma",28,"Bema","Arrondissement","Arrondissement",NA,NA
29,138,"MLI","Mali",3,"Kayes",7,"Diéma",29,"Diéma","Arrondissement","Arrondissement",NA,NA
30,138,"MLI","Mali",3,"Kayes",7,"Diéma",30,"Diangounte-Camara","Arrondissement","Arrondissement",NA,NA
31,138,"MLI","Mali",3,"Kayes",7,"Diéma",31,"Dioumara","Arrondissement","Arrondissement",NA,NA
32,138,"MLI","Mali",3,"Kayes",7,"Diéma",32,"Lakamane","Arrondissement","Arrondissement",NA,NA
33,138,"MLI","Mali",3,"Kayes",8,"Kéniéba",33,"Dialafara","Arrondissement","Arrondissement",NA,NA
34,138,"MLI","Mali",3,"Kayes",8,"Kéniéba",34,"Dombia","Arrondissement","Arrondissement",NA,NA
35,138,"MLI","Mali",3,"Kayes",8,"Kéniéba",35,"Falea","Arrondissement","Arrondissement",NA,NA
36,138,"MLI","Mali",3,"Kayes",8,"Kéniéba",36,"Faraba","Arrondissement","Arrondissement",NA,NA
37,138,"MLI","Mali",3,"Kayes",8,"Kéniéba",37,"Kéniéba","Arrondissement","Arrondissement",NA,NA
38,138,"MLI","Mali",3,"Kayes",8,"Kéniéba",38,"Kassama","Arrondissement","Arrondissement",NA,NA
39,138,"MLI","Mali",3,"Kayes",9,"Kayes",39,"Ambidedi","Arrondissement","Arrondissement",NA,NA
40,138,"MLI","Mali",3,"Kayes",9,"Kayes",40,"Aourou","Arrondissement","Arrondissement",NA,NA
41,138,"MLI","Mali",3,"Kayes",9,"Kayes",41,"Diadioumbera","Arrondissement","Arrondissement",NA,NA
42,138,"MLI","Mali",3,"Kayes",9,"Kayes",42,"Diamou","Arrondissement","Arrondissement",NA,NA
43,138,"MLI","Mali",3,"Kayes",9,"Kayes",43,"Kayes","Arrondissement","Arrondissement",NA,NA
44,138,"MLI","Mali",3,"Kayes",9,"Kayes",44,"Koussane","Arrondissement","Arrondissement",NA,NA
45,138,"MLI","Mali",3,"Kayes",9,"Kayes",45,"Lontou","Arrondissement","Arrondissement",NA,NA
46,138,"MLI","Mali",3,"Kayes",9,"Kayes",46,"Sadiola","Arrondissement","Arrondissement",NA,NA
47,138,"MLI","Mali",3,"Kayes",9,"Kayes",47,"Same","Arrondissement","Arrondissement",NA,NA
48,138,"MLI","Mali",3,"Kayes",9,"Kayes",48,"Segala","Arrondissement","Arrondissement",NA,NA
49,138,"MLI","Mali",3,"Kayes",10,"Kita",49,"Djidian","Arrondissement","Arrondissement",NA,NA
50,138,"MLI","Mali",3,"Kayes",10,"Kita",50,"Kita","Arrondissement","Arrondissement",NA,NA
51,138,"MLI","Mali",3,"Kayes",10,"Kita",51,"Kokofata","Arrondissement","Arrondissement",NA,NA
52,138,"MLI","Mali",3,"Kayes",10,"Kita",52,"Sagabari","Arrondissement","Arrondissement",NA,NA
53,138,"MLI","Mali",3,"Kayes",10,"Kita",53,"Sebekoro","Arrondissement","Arrondissement",NA,NA
54,138,"MLI","Mali",3,"Kayes",10,"Kita",54,"Sefeto","Arrondissement","Arrondissement",NA,NA
55,138,"MLI","Mali",3,"Kayes",10,"Kita",55,"Sirakoro","Arrondissement","Arrondissement",NA,NA
56,138,"MLI","Mali",3,"Kayes",10,"Kita",56,"Toukoto","Arrondissement","Arrondissement",NA,NA
57,138,"MLI","Mali",3,"Kayes",11,"Nioro",57,"Gavinane","Arrondissement","Arrondissement",NA,NA
58,138,"MLI","Mali",3,"Kayes",11,"Nioro",58,"Gogui","Arrondissement","Arrondissement",NA,NA
59,138,"MLI","Mali",3,"Kayes",11,"Nioro",59,"Korera-Kore","Arrondissement","Arrondissement",NA,NA
60,138,"MLI","Mali",3,"Kayes",11,"Nioro",60,"Nioro","Arrondissement","Arrondissement",NA,NA
61,138,"MLI","Mali",3,"Kayes",11,"Nioro",61,"Sandare","Arrondissement","Arrondissement",NA,NA
62,138,"MLI","Mali",3,"Kayes",11,"Nioro",62,"Simbi","Arrondissement","Arrondissement",NA,NA
63,138,"MLI","Mali",3,"Kayes",11,"Nioro",63,"Trongoumbe","Arrondissement","Arrondissement",NA,NA
64,138,"MLI","Mali",3,"Kayes",12,"Yélimané",64,"Kirane","Arrondissement","Arrondissement",NA,NA
65,138,"MLI","Mali",3,"Kayes",12,"Yélimané",65,"Marena","Arrondissement","Arrondissement",NA,NA
66,138,"MLI","Mali",3,"Kayes",12,"Yélimané",66,"Tambacara","Arrondissement","Arrondissement",NA,NA
67,138,"MLI","Mali",3,"Kayes",12,"Yélimané",67,"Yelimane-Central","Arrondissement","Arrondissement",NA,NA
68,138,"MLI","Mali",4,"Kidal",13,"Abeïbara",68,"Abeibara","Arrondissement","Arrondissement",NA,NA
69,138,"MLI","Mali",4,"Kidal",13,"Abeïbara",69,"Bouressa","Arrondissement","Arrondissement",NA,NA
70,138,"MLI","Mali",4,"Kidal",13,"Abeïbara",70,"Tinzawatene","Arrondissement","Arrondissement",NA,"Tinzaouatene"
71,138,"MLI","Mali",4,"Kidal",14,"Kidal",71,"Anefif","Arrondissement","Arrondissement",NA,"Annefis"
72,138,"MLI","Mali",4,"Kidal",14,"Kidal",72,"Essouk","Arrondissement","Arrondissement",NA,NA
73,138,"MLI","Mali",4,"Kidal",14,"Kidal",73,"Kidal","Arrondissement","Arrondissement",NA,NA
74,138,"MLI","Mali",4,"Kidal",15,"Tessalit",74,"Adjelhoc","Arrondissement","Arrondissement",NA,"Aguelhoc"
75,138,"MLI","Mali",4,"Kidal",15,"Tessalit",75,"Tessalit","Arrondissement","Arrondissement",NA,NA
76,138,"MLI","Mali",4,"Kidal",15,"Tessalit",76,"Timtaghene","Arrondissement","Arrondissement",NA,NA
77,138,"MLI","Mali",4,"Kidal",16,"Tin-Essako",77,"Abiyou","Arrondissement","Arrondissement",NA,NA
78,138,"MLI","Mali",4,"Kidal",16,"Tin-Essako",78,"Tinessako","Arrondissement","Arrondissement",NA,NA
79,138,"MLI","Mali",4,"Kidal",16,"Tin-Essako",79,"Tinesserine","Arrondissement","Arrondissement",NA,NA
80,138,"MLI","Mali",5,"Koulikoro",17,"Banamba",80,"Banamba-Central","Arrondissement","Arrondissement",NA,NA
81,138,"MLI","Mali",5,"Koulikoro",17,"Banamba",81,"Boron","Arrondissement","Arrondissement",NA,NA
82,138,"MLI","Mali",5,"Koulikoro",17,"Banamba",82,"Madina-Sako","Arrondissement","Arrondissement",NA,NA
83,138,"MLI","Mali",5,"Koulikoro",17,"Banamba",83,"Sebete","Arrondissement","Arrondissement",NA,NA
84,138,"MLI","Mali",5,"Koulikoro",17,"Banamba",84,"Toubakoura","Arrondissement","Arrondissement",NA,NA
85,138,"MLI","Mali",5,"Koulikoro",17,"Banamba",85,"Toukouroba","Arrondissement","Arrondissement",NA,NA
86,138,"MLI","Mali",5,"Koulikoro",18,"Dioïla",86,"Banco","Arrondissement","Arrondissement",NA,NA
87,138,"MLI","Mali",5,"Koulikoro",18,"Dioïla",87,"Beleko","Arrondissement","Arrondissement",NA,NA
88,138,"MLI","Mali",5,"Koulikoro",18,"Dioïla",88,"Dioïla","Arrondissement","Arrondissement",NA,"Doila-Central"
89,138,"MLI","Mali",5,"Koulikoro",18,"Dioïla",89,"Fana","Arrondissement","Arrondissement",NA,NA
90,138,"MLI","Mali",5,"Koulikoro",18,"Dioïla",90,"Massigui","Arrondissement","Arrondissement",NA,NA
91,138,"MLI","Mali",5,"Koulikoro",18,"Dioïla",91,"Mena","Arrondissement","Arrondissement",NA,NA
92,138,"MLI","Mali",5,"Koulikoro",19,"Kangaba",92,"Kangaba","Arrondissement","Arrondissement",NA,"Kangaba-Central"
93,138,"MLI","Mali",5,"Koulikoro",19,"Kangaba",93,"Narena","Arrondissement","Arrondissement",NA,NA
94,138,"MLI","Mali",5,"Koulikoro",20,"Kati",94,"Baguineda","Arrondissement","Arrondissement",NA,NA
95,138,"MLI","Mali",5,"Koulikoro",20,"Kati",95,"Kalban-Coro","Arrondissement","Arrondissement",NA,NA
96,138,"MLI","Mali",5,"Koulikoro",20,"Kati",96,"Kati","Arrondissement","Arrondissement",NA,"Kati-Central"
97,138,"MLI","Mali",5,"Koulikoro",20,"Kati",97,"Kourouba","Arrondissement","Arrondissement",NA,NA
98,138,"MLI","Mali",5,"Koulikoro",20,"Kati",98,"Neguela","Arrondissement","Arrondissement",NA,NA
99,138,"MLI","Mali",5,"Koulikoro",20,"Kati",99,"Ouelessebougou","Arrondissement","Arrondissement",NA,NA
100,138,"MLI","Mali",5,"Koulikoro",20,"Kati",100,"Sanakoroba","Arrondissement","Arrondissement",NA,NA
101,138,"MLI","Mali",5,"Koulikoro",20,"Kati",101,"Siby","Arrondissement","Arrondissement",NA,NA
102,138,"MLI","Mali",5,"Koulikoro",21,"Kolokani",102,"Djidieni","Arrondissement","Arrondissement",NA,NA
103,138,"MLI","Mali",5,"Koulikoro",21,"Kolokani",103,"Kolokani","Arrondissement","Arrondissement",NA,"Kolokani-Central"
104,138,"MLI","Mali",5,"Koulikoro",21,"Kolokani",104,"Massantola","Arrondissement","Arrondissement",NA,NA
105,138,"MLI","Mali",5,"Koulikoro",21,"Kolokani",105,"Nonssonbougou","Arrondissement","Arrondissement",NA,NA
106,138,"MLI","Mali",5,"Koulikoro",22,"Koulikoro",106,"Kenekou","Arrondissement","Arrondissement",NA,NA
107,138,"MLI","Mali",5,"Koulikoro",22,"Koulikoro",107,"Koula (Koul)","Arrondissement","Arrondissement",NA,NA
108,138,"MLI","Mali",5,"Koulikoro",22,"Koulikoro",108,"Koulakoulikoro","Arrondissement","Arrondissement",NA,NA
109,138,"MLI","Mali",5,"Koulikoro",22,"Koulikoro",109,"Niamina","Arrondissement","Arrondissement",NA,NA
110,138,"MLI","Mali",5,"Koulikoro",22,"Koulikoro",110,"Sirakorola","Arrondissement","Arrondissement",NA,NA
111,138,"MLI","Mali",5,"Koulikoro",22,"Koulikoro",111,"Tienfala","Arrondissement","Arrondissement",NA,NA
112,138,"MLI","Mali",5,"Koulikoro",22,"Koulikoro",112,"Tougouni","Arrondissement","Arrondissement",NA,NA
113,138,"MLI","Mali",5,"Koulikoro",23,"Nara",113,"Balle","Arrondissement","Arrondissement",NA,NA
114,138,"MLI","Mali",5,"Koulikoro",23,"Nara",114,"Dilly","Arrondissement","Arrondissement",NA,NA
115,138,"MLI","Mali",5,"Koulikoro",23,"Nara",115,"Falou","Arrondissement","Arrondissement",NA,NA
116,138,"MLI","Mali",5,"Koulikoro",23,"Nara",116,"Guire","Arrondissement","Arrondissement",NA,NA
117,138,"MLI","Mali",5,"Koulikoro",23,"Nara",117,"Mourdiah","Arrondissement","Arrondissement",NA,NA
118,138,"MLI","Mali",5,"Koulikoro",23,"Nara",118,"Nara","Arrondissement","Arrondissement",NA,"Nara-Central"
119,138,"MLI","Mali",6,"Mopti",24,"Bandiagara",119,"Bandiagara","Arrondissement","Arrondissement",NA,"Bandiagara-Central"
120,138,"MLI","Mali",6,"Mopti",24,"Bandiagara",120,"Dourou","Arrondissement","Arrondissement",NA,NA
121,138,"MLI","Mali",6,"Mopti",24,"Bandiagara",121,"Goundaka","Arrondissement","Arrondissement",NA,NA
122,138,"MLI","Mali",6,"Mopti",24,"Bandiagara",122,"Kani-Gogouna","Arrondissement","Arrondissement",NA,NA
123,138,"MLI","Mali",6,"Mopti",24,"Bandiagara",123,"Kendie","Arrondissement","Arrondissement",NA,NA
124,138,"MLI","Mali",6,"Mopti",24,"Bandiagara",124,"Ningari","Arrondissement","Arrondissement",NA,NA
125,138,"MLI","Mali",6,"Mopti",24,"Bandiagara",125,"Ouo","Arrondissement","Arrondissement",NA,NA
126,138,"MLI","Mali",6,"Mopti",24,"Bandiagara",126,"Sangha","Arrondissement","Arrondissement",NA,NA
127,138,"MLI","Mali",6,"Mopti",25,"Bankass",127,"Bankass","Arrondissement","Arrondissement",NA,"Bankass-Central"
128,138,"MLI","Mali",6,"Mopti",25,"Bankass",128,"Baye","Arrondissement","Arrondissement",NA,NA
129,138,"MLI","Mali",6,"Mopti",25,"Bankass",129,"Diallassagou","Arrondissement","Arrondissement",NA,NA
130,138,"MLI","Mali",6,"Mopti",25,"Bankass",130,"Kani-Bonzon","Arrondissement","Arrondissement",NA,NA
131,138,"MLI","Mali",6,"Mopti",25,"Bankass",131,"Ouenkoro","Arrondissement","Arrondissement",NA,NA
132,138,"MLI","Mali",6,"Mopti",25,"Bankass",132,"Segue","Arrondissement","Arrondissement",NA,NA
133,138,"MLI","Mali",6,"Mopti",25,"Bankass",133,"Sokoura","Arrondissement","Arrondissement",NA,NA
134,138,"MLI","Mali",6,"Mopti",26,"Djenné",134,"Djenné","Arrondissement","Arrondissement",NA,"Djenne-Central"
135,138,"MLI","Mali",6,"Mopti",26,"Djenné",135,"Konio","Arrondissement","Arrondissement",NA,NA
136,138,"MLI","Mali",6,"Mopti",26,"Djenné",136,"Kouakourou","Arrondissement","Arrondissement",NA,NA
137,138,"MLI","Mali",6,"Mopti",26,"Djenné",137,"Mougna","Arrondissement","Arrondissement",NA,NA
138,138,"MLI","Mali",6,"Mopti",26,"Djenné",138,"Sofara","Arrondissement","Arrondissement",NA,NA
139,138,"MLI","Mali",6,"Mopti",26,"Djenné",139,"Taga","Arrondissement","Arrondissement",NA,NA
140,138,"MLI","Mali",6,"Mopti",27,"Douentza",140,"Boni","Arrondissement","Arrondissement",NA,NA
141,138,"MLI","Mali",6,"Mopti",27,"Douentza",141,"Bore","Arrondissement","Arrondissement",NA,NA
142,138,"MLI","Mali",6,"Mopti",27,"Douentza",142,"Douentza","Arrondissement","Arrondissement",NA,"Douentzan-Central"
143,138,"MLI","Mali",6,"Mopti",27,"Douentza",143,"Hombori","Arrondissement","Arrondissement",NA,NA
144,138,"MLI","Mali",6,"Mopti",27,"Douentza",144,"Mondoro","Arrondissement","Arrondissement",NA,NA
145,138,"MLI","Mali",6,"Mopti",27,"Douentza",145,"NGouma","Arrondissement","Arrondissement",NA,NA
146,138,"MLI","Mali",6,"Mopti",28,"Koro",146,"Diankabou","Arrondissement","Arrondissement",NA,NA
147,138,"MLI","Mali",6,"Mopti",28,"Koro",147,"Dinangourou","Arrondissement","Arrondissement",NA,NA
148,138,"MLI","Mali",6,"Mopti",28,"Koro",148,"Dioungani","Arrondissement","Arrondissement",NA,NA
149,138,"MLI","Mali",6,"Mopti",28,"Koro",149,"Koporokeniena","Arrondissement","Arrondissement",NA,NA
150,138,"MLI","Mali",6,"Mopti",28,"Koro",150,"Koro-Central","Arrondissement","Arrondissement",NA,NA
151,138,"MLI","Mali",6,"Mopti",28,"Koro",151,"Madougou","Arrondissement","Arrondissement",NA,NA
152,138,"MLI","Mali",6,"Mopti",28,"Koro",152,"Toroli","Arrondissement","Arrondissement",NA,NA
153,138,"MLI","Mali",6,"Mopti",29,"Mopti",153,"Dialloube","Arrondissement","Arrondissement",NA,NA
154,138,"MLI","Mali",6,"Mopti",29,"Mopti",154,"Fatoma","Arrondissement","Arrondissement",NA,NA
155,138,"MLI","Mali",6,"Mopti",29,"Mopti",155,"Konna","Arrondissement","Arrondissement",NA,NA
156,138,"MLI","Mali",6,"Mopti",29,"Mopti",156,"Korientze","Arrondissement","Arrondissement",NA,NA
157,138,"MLI","Mali",6,"Mopti",29,"Mopti",157,"Mopti","Arrondissement","Arrondissement",NA,"Mopti-Central"
158,138,"MLI","Mali",6,"Mopti",29,"Mopti",158,"Ouromodi","Arrondissement","Arrondissement",NA,NA
159,138,"MLI","Mali",6,"Mopti",29,"Mopti",159,"Sendegue","Arrondissement","Arrondissement",NA,NA
160,138,"MLI","Mali",6,"Mopti",29,"Mopti",160,"Soufouroulaye","Arrondissement","Arrondissement",NA,NA
161,138,"MLI","Mali",6,"Mopti",29,"Mopti",161,"Soye","Arrondissement","Arrondissement",NA,NA
162,138,"MLI","Mali",6,"Mopti",30,"Ténenkou",162,"Diafarabe","Arrondissement","Arrondissement",NA,NA
163,138,"MLI","Mali",6,"Mopti",30,"Ténenkou",163,"Diondori","Arrondissement","Arrondissement",NA,NA
164,138,"MLI","Mali",6,"Mopti",30,"Ténenkou",164,"Dioura","Arrondissement","Arrondissement",NA,NA
165,138,"MLI","Mali",6,"Mopti",30,"Ténenkou",165,"Sossobe","Arrondissement","Arrondissement",NA,NA
166,138,"MLI","Mali",6,"Mopti",30,"Ténenkou",166,"Ténenkou","Arrondissement","Arrondissement",NA,"Tenenkou-Central"
167,138,"MLI","Mali",6,"Mopti",30,"Ténenkou",167,"Toguerecoumbe","Arrondissement","Arrondissement",NA,NA
168,138,"MLI","Mali",6,"Mopti",31,"Youwarou",168,"Ambiri","Arrondissement","Arrondissement",NA,NA
169,138,"MLI","Mali",6,"Mopti",31,"Youwarou",169,"Dogo","Arrondissement","Arrondissement",NA,NA
170,138,"MLI","Mali",6,"Mopti",31,"Youwarou",170,"Gathi-Loumo","Arrondissement","Arrondissement",NA,NA
171,138,"MLI","Mali",6,"Mopti",31,"Youwarou",171,"Guidiosarre","Arrondissement","Arrondissement",NA,"Guidio"
172,138,"MLI","Mali",6,"Mopti",31,"Youwarou",172,"Sah","Arrondissement","Arrondissement",NA,NA
173,138,"MLI","Mali",6,"Mopti",31,"Youwarou",173,"Youvarou","Arrondissement","Arrondissement",NA,"Youwarou-Central"
174,138,"MLI","Mali",7,"Ségou",32,"Barouéli",174,"Barouéli","Arrondissement","Arrondissement",NA,"Baroueli-Central"
175,138,"MLI","Mali",7,"Ségou",32,"Barouéli",175,"Konobougou","Arrondissement","Arrondissement",NA,NA
176,138,"MLI","Mali",7,"Ségou",32,"Barouéli",176,"Sanando","Arrondissement","Arrondissement",NA,NA
177,138,"MLI","Mali",7,"Ségou",32,"Barouéli",177,"Tamani","Arrondissement","Arrondissement",NA,NA
178,138,"MLI","Mali",7,"Ségou",33,"Bla",178,"Bla","Arrondissement","Arrondissement",NA,"Bla-Central"
179,138,"MLI","Mali",7,"Ségou",33,"Bla",179,"Diaramana","Arrondissement","Arrondissement",NA,NA
180,138,"MLI","Mali",7,"Ségou",33,"Bla",180,"Falo","Arrondissement","Arrondissement",NA,NA
181,138,"MLI","Mali",7,"Ségou",33,"Bla",181,"Touna","Arrondissement","Arrondissement",NA,NA
182,138,"MLI","Mali",7,"Ségou",33,"Bla",182,"Yangasso","Arrondissement","Arrondissement",NA,NA
183,138,"MLI","Mali",7,"Ségou",34,"Macina",183,"Kolongotomo","Arrondissement","Arrondissement",NA,"Kolongo"
184,138,"MLI","Mali",7,"Ségou",34,"Macina",184,"Macina","Arrondissement","Arrondissement",NA,"Macina-Central"
185,138,"MLI","Mali",7,"Ségou",34,"Macina",185,"Monimpe","Arrondissement","Arrondissement",NA,NA
186,138,"MLI","Mali",7,"Ségou",34,"Macina",186,"Sarro","Arrondissement","Arrondissement",NA,NA
187,138,"MLI","Mali",7,"Ségou",34,"Macina",187,"Saye","Arrondissement","Arrondissement",NA,NA
188,138,"MLI","Mali",7,"Ségou",35,"Niono",188,"Nampala","Arrondissement","Arrondissement",NA,NA
189,138,"MLI","Mali",7,"Ségou",35,"Niono",189,"Niono","Arrondissement","Arrondissement",NA,"Niono-Central"
190,138,"MLI","Mali",7,"Ségou",35,"Niono",190,"Pogo","Arrondissement","Arrondissement",NA,NA
191,138,"MLI","Mali",7,"Ségou",35,"Niono",191,"Sokolo","Arrondissement","Arrondissement",NA,NA
192,138,"MLI","Mali",7,"Ségou",36,"Ségou",192,"Cinzana","Arrondissement","Arrondissement",NA,NA
193,138,"MLI","Mali",7,"Ségou",36,"Ségou",193,"Dioro","Arrondissement","Arrondissement",NA,NA
194,138,"MLI","Mali",7,"Ségou",36,"Ségou",194,"Doura","Arrondissement","Arrondissement",NA,NA
195,138,"MLI","Mali",7,"Ségou",36,"Ségou",195,"Farako","Arrondissement","Arrondissement",NA,NA
196,138,"MLI","Mali",7,"Ségou",36,"Ségou",196,"Katiena","Arrondissement","Arrondissement",NA,NA
197,138,"MLI","Mali",7,"Ségou",36,"Ségou",197,"Markala","Arrondissement","Arrondissement",NA,NA
198,138,"MLI","Mali",7,"Ségou",36,"Ségou",198,"Ségou","Arrondissement","Arrondissement",NA,"Segou-Central"
199,138,"MLI","Mali",7,"Ségou",36,"Ségou",199,"Sansading","Arrondissement","Arrondissement",NA,NA
200,138,"MLI","Mali",7,"Ségou",37,"San",200,"Dieli","Arrondissement","Arrondissement",NA,NA
201,138,"MLI","Mali",7,"Ségou",37,"San",201,"Kassorola","Arrondissement","Arrondissement",NA,NA
202,138,"MLI","Mali",7,"Ségou",37,"San",202,"Kimparana","Arrondissement","Arrondissement",NA,NA
203,138,"MLI","Mali",7,"Ségou",37,"San",203,"San","Arrondissement","Arrondissement",NA,"San-Central"
204,138,"MLI","Mali",7,"Ségou",37,"San",204,"Sourountouna","Arrondissement","Arrondissement",NA,NA
205,138,"MLI","Mali",7,"Ségou",37,"San",205,"Sy","Arrondissement","Arrondissement",NA,NA
206,138,"MLI","Mali",7,"Ségou",37,"San",206,"Tene","Arrondissement","Arrondissement",NA,NA
207,138,"MLI","Mali",7,"Ségou",38,"Tominian",207,"Fangasso","Arrondissement","Arrondissement",NA,NA
208,138,"MLI","Mali",7,"Ségou",38,"Tominian",208,"Koula","Arrondissement","Arrondissement",NA,NA
209,138,"MLI","Mali",7,"Ségou",38,"Tominian",209,"Mafoune","Arrondissement","Arrondissement",NA,NA
210,138,"MLI","Mali",7,"Ségou",38,"Tominian",210,"Mandiakuy","Arrondissement","Arrondissement",NA,NA
211,138,"MLI","Mali",7,"Ségou",38,"Tominian",211,"Timissa","Arrondissement","Arrondissement",NA,NA
212,138,"MLI","Mali",7,"Ségou",38,"Tominian",212,"Tominiam","Arrondissement","Arrondissement",NA,"Tominiam-Central"
213,138,"MLI","Mali",8,"Sikasso",39,"Bougouni",213,"Bougouni","Arrondissement","Arrondissement",NA,"Bougouni-Central"
214,138,"MLI","Mali",8,"Sikasso",39,"Bougouni",214,"Dogosikasso","Arrondissement","Arrondissement",NA,"Dogo (Boug)"
215,138,"MLI","Mali",8,"Sikasso",39,"Bougouni",215,"Faragouaran","Arrondissement","Arrondissement",NA,NA
216,138,"MLI","Mali",8,"Sikasso",39,"Bougouni",216,"Garalo","Arrondissement","Arrondissement",NA,NA
217,138,"MLI","Mali",8,"Sikasso",39,"Bougouni",217,"Keleya","Arrondissement","Arrondissement",NA,NA
218,138,"MLI","Mali",8,"Sikasso",39,"Bougouni",218,"Koumantou","Arrondissement","Arrondissement",NA,NA
219,138,"MLI","Mali",8,"Sikasso",39,"Bougouni",219,"Manakoro","Arrondissement","Arrondissement",NA,NA
220,138,"MLI","Mali",8,"Sikasso",39,"Bougouni",220,"Sanso","Arrondissement","Arrondissement",NA,NA
221,138,"MLI","Mali",8,"Sikasso",39,"Bougouni",221,"Zantiebougou","Arrondissement","Arrondissement",NA,NA
222,138,"MLI","Mali",8,"Sikasso",40,"Kadiolo",222,"Fourou","Arrondissement","Arrondissement",NA,NA
223,138,"MLI","Mali",8,"Sikasso",40,"Kadiolo",223,"Kadiolo","Arrondissement","Arrondissement",NA,"Kadiolo-Central"
224,138,"MLI","Mali",8,"Sikasso",40,"Kadiolo",224,"Loulouni","Arrondissement","Arrondissement",NA,NA
225,138,"MLI","Mali",8,"Sikasso",40,"Kadiolo",225,"Misseni","Arrondissement","Arrondissement",NA,NA
226,138,"MLI","Mali",8,"Sikasso",41,"Kolondiéba",226,"Fakola","Arrondissement","Arrondissement",NA,NA
227,138,"MLI","Mali",8,"Sikasso",41,"Kolondiéba",227,"Kadiana","Arrondissement","Arrondissement",NA,NA
228,138,"MLI","Mali",8,"Sikasso",41,"Kolondiéba",228,"Kebila","Arrondissement","Arrondissement",NA,NA
229,138,"MLI","Mali",8,"Sikasso",41,"Kolondiéba",229,"Kolondiéba","Arrondissement","Arrondissement",NA,"Kolondieba-Central"
230,138,"MLI","Mali",8,"Sikasso",41,"Kolondiéba",230,"Toussekela","Arrondissement","Arrondissement",NA,NA
231,138,"MLI","Mali",8,"Sikasso",42,"Koutiala",231,"Konseguela","Arrondissement","Arrondissement",NA,NA
232,138,"MLI","Mali",8,"Sikasso",42,"Koutiala",232,"Kouniana","Arrondissement","Arrondissement",NA,NA
233,138,"MLI","Mali",8,"Sikasso",42,"Koutiala",233,"Koutiala","Arrondissement","Arrondissement",NA,"Koutiala-Central"
234,138,"MLI","Mali",8,"Sikasso",42,"Koutiala",234,"Molobala","Arrondissement","Arrondissement",NA,NA
235,138,"MLI","Mali",8,"Sikasso",42,"Koutiala",235,"MPessoba","Arrondissement","Arrondissement",NA,NA
236,138,"MLI","Mali",8,"Sikasso",42,"Koutiala",236,"Zangasso","Arrondissement","Arrondissement",NA,NA
237,138,"MLI","Mali",8,"Sikasso",43,"Sikasso",237,"Blendio","Arrondissement","Arrondissement",NA,NA
238,138,"MLI","Mali",8,"Sikasso",43,"Sikasso",238,"Danderesso","Arrondissement","Arrondissement",NA,NA
239,138,"MLI","Mali",8,"Sikasso",43,"Sikasso",239,"Dogori","Arrondissement","Arrondissement",NA,NA
240,138,"MLI","Mali",8,"Sikasso",43,"Sikasso",240,"Finkolo","Arrondissement","Arrondissement",NA,NA
241,138,"MLI","Mali",8,"Sikasso",43,"Sikasso",241,"Kignan","Arrondissement","Arrondissement",NA,NA
242,138,"MLI","Mali",8,"Sikasso",43,"Sikasso",242,"Klela","Arrondissement","Arrondissement",NA,NA
243,138,"MLI","Mali",8,"Sikasso",43,"Sikasso",243,"Lobougoula","Arrondissement","Arrondissement",NA,NA
244,138,"MLI","Mali",8,"Sikasso",43,"Sikasso",244,"Niena","Arrondissement","Arrondissement",NA,NA
245,138,"MLI","Mali",8,"Sikasso",43,"Sikasso",245,"Nkourala","Arrondissement","Arrondissement",NA,NA
246,138,"MLI","Mali",8,"Sikasso",43,"Sikasso",246,"Sikasso","Arrondissement","Arrondissement",NA,"Sikasso-Central"
247,138,"MLI","Mali",8,"Sikasso",44,"Yanfolila",247,"Doussodiana","Arrondissement","Arrondissement",NA,NA
248,138,"MLI","Mali",8,"Sikasso",44,"Yanfolila",248,"Filamana","Arrondissement","Arrondissement",NA,NA
249,138,"MLI","Mali",8,"Sikasso",44,"Yanfolila",249,"Gueleninkoro","Arrondissement","Arrondissement",NA,NA
250,138,"MLI","Mali",8,"Sikasso",44,"Yanfolila",250,"Kalana","Arrondissement","Arrondissement",NA,NA
251,138,"MLI","Mali",8,"Sikasso",44,"Yanfolila",251,"Kangare","Arrondissement","Arrondissement",NA,NA
252,138,"MLI","Mali",8,"Sikasso",44,"Yanfolila",252,"Siekorole","Arrondissement","Arrondissement",NA,NA
253,138,"MLI","Mali",8,"Sikasso",44,"Yanfolila",253,"Yanfolila","Arrondissement","Arrondissement",NA,"Yanfolila-Central"
254,138,"MLI","Mali",8,"Sikasso",44,"Yanfolila",254,"Yorobougoula","Arrondissement","Arrondissement",NA,NA
255,138,"MLI","Mali",8,"Sikasso",45,"Yorosso",255,"Boura","Arrondissement","Arrondissement",NA,NA
256,138,"MLI","Mali",8,"Sikasso",45,"Yorosso",256,"Kouri","Arrondissement","Arrondissement",NA,NA
257,138,"MLI","Mali",8,"Sikasso",45,"Yorosso",257,"Mahou","Arrondissement","Arrondissement",NA,NA
258,138,"MLI","Mali",8,"Sikasso",45,"Yorosso",258,"Yorosso","Arrondissement","Arrondissement",NA,"Yorosso-Central"
259,138,"MLI","Mali",9,"Timbuktu",46,"Diré",259,"Danga","Arrondissement","Arrondissement",NA,NA
260,138,"MLI","Mali",9,"Timbuktu",46,"Diré",260,"Diré","Arrondissement","Arrondissement",NA,"Dire-Central"
261,138,"MLI","Mali",9,"Timbuktu",46,"Diré",261,"Haibongo","Arrondissement","Arrondissement",NA,NA
262,138,"MLI","Mali",9,"Timbuktu",46,"Diré",262,"Sareyamou","Arrondissement","Arrondissement",NA,NA
263,138,"MLI","Mali",9,"Timbuktu",47,"Goundam",263,"Bintagoungou","Arrondissement","Arrondissement",NA,NA
264,138,"MLI","Mali",9,"Timbuktu",47,"Goundam",264,"Douekire","Arrondissement","Arrondissement",NA,NA
265,138,"MLI","Mali",9,"Timbuktu",47,"Goundam",265,"Farach","Arrondissement","Arrondissement",NA,"Farach (Faguibine)"
266,138,"MLI","Mali",9,"Timbuktu",47,"Goundam",266,"Gargando","Arrondissement","Arrondissement",NA,NA
267,138,"MLI","Mali",9,"Timbuktu",47,"Goundam",267,"Goundam","Arrondissement","Arrondissement",NA,"Goundam-Central"
268,138,"MLI","Mali",9,"Timbuktu",47,"Goundam",268,"Raz-El-Ma","Arrondissement","Arrondissement",NA,NA
269,138,"MLI","Mali",9,"Timbuktu",47,"Goundam",269,"Tilemsi (Lenere)","Arrondissement","Arrondissement",NA,"Tilemsi (El Haria)"
270,138,"MLI","Mali",9,"Timbuktu",47,"Goundam",270,"Tonka","Arrondissement","Arrondissement",NA,NA
271,138,"MLI","Mali",9,"Timbuktu",48,"Gourma-Rharous",271,"Bambara-Maoude","Arrondissement","Arrondissement",NA,NA
272,138,"MLI","Mali",9,"Timbuktu",48,"Gourma-Rharous",272,"Gossi","Arrondissement","Arrondissement",NA,NA
273,138,"MLI","Mali",9,"Timbuktu",48,"Gourma-Rharous",273,"Gourma-Rharous","Arrondissement","Arrondissement",NA,NA
274,138,"MLI","Mali",9,"Timbuktu",48,"Gourma-Rharous",274,"Haribomo","Arrondissement","Arrondissement",NA,NA
275,138,"MLI","Mali",9,"Timbuktu",48,"Gourma-Rharous",275,"Inadiatafane","Arrondissement","Arrondissement",NA,NA
276,138,"MLI","Mali",9,"Timbuktu",48,"Gourma-Rharous",276,"Modiakoye","Arrondissement","Arrondissement",NA,NA
277,138,"MLI","Mali",9,"Timbuktu",48,"Gourma-Rharous",277,"Ouinerden","Arrondissement","Arrondissement",NA,NA
278,138,"MLI","Mali",9,"Timbuktu",49,"Niafunké",278,"Banikane","Arrondissement","Arrondissement",NA,NA
279,138,"MLI","Mali",9,"Timbuktu",49,"Niafunké",279,"Koumaira","Arrondissement","Arrondissement",NA,NA
280,138,"MLI","Mali",9,"Timbuktu",49,"Niafunké",280,"Lere","Arrondissement","Arrondissement",NA,NA
281,138,"MLI","Mali",9,"Timbuktu",49,"Niafunké",281,"NGorkou","Arrondissement","Arrondissement",NA,NA
282,138,"MLI","Mali",9,"Timbuktu",49,"Niafunké",282,"Niafunké","Arrondissement","Arrondissement",NA,"Nianfuke-Central"
283,138,"MLI","Mali",9,"Timbuktu",49,"Niafunké",283,"Sarafere","Arrondissement","Arrondissement",NA,NA
284,138,"MLI","Mali",9,"Timbuktu",49,"Niafunké",284,"Soumpi","Arrondissement","Arrondissement",NA,NA
285,138,"MLI","Mali",9,"Timbuktu",50,"Tombouctou",285,"Aglal","Arrondissement","Arrondissement",NA,NA
286,138,"MLI","Mali",9,"Timbuktu",50,"Tombouctou",286,"Ber","Arrondissement","Arrondissement",NA,NA
287,138,"MLI","Mali",9,"Timbuktu",50,"Tombouctou",287,"Bourem-Inaly","Arrondissement","Arrondissement",NA,NA
288,138,"MLI","Mali",9,"Timbuktu",50,"Tombouctou",288,"Tinaguelhaj","Arrondissement","Arrondissement",NA,NA
289,138,"MLI","Mali",9,"Timbuktu",50,"Tombouctou",289,"Tombouctou","Arrondissement","Arrondissement",NA,"Tombouctou-Central"
